ID_Point;Latitude;Longitude;Name;Description;Rich;sub9;Name_fish;Year_sampling;LUyear0.sub9;sub9_groups;LUyear0.mont;mont_groups;Duration_70;Duration_50;Duration_50_groups;Duration_30;NanosLU
P0067;-3.782833;-48.51207;igarapé19;fish_Amazonia_PA;15;115;P0067;2011;0.455971284;baixo;0;baixo;0;0;recent;0;26
P0094;-3.734168;-48.423867;igarapé47;fish_Amazonia_PA;22;115;P0094;2011;0.455971284;baixo;0.02845355;baixo;0;0;recent;0;26
P0066;-3.737259;-48.511228;igarapé18;fish_Amazonia_PA;25;116;P0066;2011;2.6195424;baixo;0;baixo;0;0;recent;0;26
P0093;-3.669697;-48.514682;igarapé46;fish_Amazonia_PA;20;116;P0093;2011;2.6195424;baixo;0;baixo;0;0;recent;0;26
P0302;-30.85017;-53.240583;SBV1302;fish_CamposSulinos_RS;23;2;P0302;2014;5.50144932;baixo;0.526240424;baixo;0;0;recent;0;29
P0301;-30.854714;-53.22713;SBV1301;fish_CamposSulinos_RS;18;2;P0301;2014;5.50144932;baixo;0.942569049;baixo;0;0;recent;0;29
P0303;-30.823874;-53.194339;SBV1303;fish_CamposSulinos_RS;16;2;P0303;2014;5.50144932;baixo;4.683329289;baixo;0;0;recent;0;29
P1081;-25.289828;-48.678691;Rio_do_Turvo;Fish_MAtlantica_PR;8;13;P1081;2004;8.323280378;baixo;0;baixo;0;0;recent;0;19
P1083;-25.25622;-48.67675;Rio_Dominguinhos;Fish_MAtlantica_PR;13;13;P1083;2004;8.323280378;baixo;0;baixo;0;0;recent;0;19
P0290;-30.292338;-55.966083;QUA1302;fish_CamposSulinos_RS;18;4;P0290;2014;8.967671908;baixo;0.573920383;baixo;0;0;recent;0;29
P0289;-30.304496;-55.92623;QUA1301;fish_CamposSulinos_RS;30;4;P0289;2014;8.967671908;baixo;15.36656293;baixo;0;0;recent;0;29
P0291;-30.28349;-55.97125;QUA1303;fish_CamposSulinos_RS;26;4;P0291;2014;8.967671908;baixo;20.71953782;baixo;0;0;recent;0;29
P0312;-30.809709;-55.537394;SLI1403;fish_CamposSulinos_RS;21;3;P0312;2014;15.03501221;baixo;2.312420724;baixo;0;0;recent;0;29
P0314;-30.605547;-55.376349;SLI1405;fish_CamposSulinos_RS;24;3;P0314;2014;15.03501221;baixo;3.354109105;baixo;0;0;recent;0;29
P0076;-3.398079;-47.777941;igarapé29;fish_Amazonia_PA;6;118;P0076;2011;17.85084186;baixo;14.01052412;baixo;0;0;recent;0;26
P0060;-3.365448;-47.834143;igarapé12;fish_Amazonia_PA;23;118;P0060;2011;17.85084186;baixo;14.05257919;baixo;0;0;recent;0;26
P0077;-3.366245;-47.870424;igarapé30;fish_Amazonia_PA;12;118;P0077;2011;17.85084186;baixo;14.79549441;baixo;0;0;recent;0;26
P0124;-3.465332;-54.790525;igarapé77;fish_Amazonia_PA;12;111;P0124;2011;18.2483356;baixo;20.35211669;baixo;0;0;recent;0;26
P0126;-3.379526;-54.805997;igarapé79;fish_Amazonia_PA;7;111;P0126;2011;18.2483356;baixo;52.15686275;alto;0;0;recent;0;26
P0121;-3.297803;-54.964443;igarapé74;fish_Amazonia_PA;6;112;P0121;2011;19.19655726;baixo;0;baixo;0;0;recent;0;26
P0120;-3.263803;-54.900581;igarapé73;fish_Amazonia_PA;6;112;P0120;2011;19.19655726;baixo;28.13896073;baixo;0;0;recent;0;26
P0119;-3.259748;-54.884025;igarapé72;fish_Amazonia_PA;6;112;P0119;2011;19.19655726;baixo;50.3975265;alto;0;0;recent;0;26
P0118;-3.293359;-54.879609;igarapé71;fish_Amazonia_PA;6;112;P0118;2011;19.19655726;baixo;52.37592397;alto;0;0;recent;0;26
P0114;-3.042469;-55.020832;igarapé67;fish_Amazonia_PA;14;113;P0114;2011;20.40374616;baixo;0;baixo;0;0;recent;0;26
P0139;-3.187997;-54.984387;igarapé92;fish_Amazonia_PA;15;113;P0139;2011;20.40374616;baixo;12.27140388;baixo;0;0;recent;0;26
P0112;-3.039774;-54.91472;igarapé65;fish_Amazonia_PA;11;113;P0112;2011;20.40374616;baixo;16.45478962;baixo;0;0;recent;0;26
P0132;-3.185608;-54.971637;igarapé85;fish_Amazonia_PA;17;113;P0132;2011;20.40374616;baixo;27.95704669;baixo;0;0;recent;0;26
P0111;-2.996719;-54.880581;igarapé64;fish_Amazonia_PA;6;113;P0111;2011;20.40374616;baixo;52.85285285;alto;0;0;recent;0;26
P0113;-3.02558;-54.882136;igarapé66;fish_Amazonia_PA;11;113;P0113;2011;20.40374616;baixo;69.80264936;alto;0;0;recent;0;26
P3224;-9.900258;-59.191291;A09;Fish_Amazonia_MT;22;110;P3224;2018;25.38340849;baixo;34.50681109;baixo;0;0;recent;0;33
P3225;-9.913694;-59.118771;A10;Fish_Amazonia_MT;15;110;P3225;2018;25.38340849;baixo;40.89987092;baixo;0;0;recent;0;33
P0281;-32.231235;-53.436979;JAG1401;fish_CamposSulinos_RS;22;1;P0281;2014;28.7405719;baixo;5.607539099;baixo;0;0;recent;0;29
P0283;-32.252567;-53.39548;JAG1403;fish_CamposSulinos_RS;20;1;P0283;2014;28.7405719;baixo;12.19211823;baixo;0;0;recent;0;29
P0282;-32.241086;-53.454674;JAG1402;fish_CamposSulinos_RS;29;1;P0282;2014;28.7405719;baixo;13.01384741;baixo;0;0;recent;0;29
P0325;-32.256;-53.37567;JAGex1401;fish_CamposSulinos_RS;19;1;P0325;2014;28.7405719;baixo;18.27923941;baixo;0;0;recent;0;29
P0235;-9.104104;-62.098563;RO33;Fish_Amazonia_RO;11;107;P0235;2018;29.24036366;baixo;8.990536278;baixo;0;0;recent;0;33
P0236;-9.121469;-62.124572;RO34;Fish_Amazonia_RO;13;107;P0236;2018;29.24036366;baixo;57.22420417;alto;0;0;recent;0;33
P0237;-9.122196;-62.125936;RO35;Fish_Amazonia_RO;12;107;P0237;2018;29.24036366;baixo;58.75818855;alto;0;0;recent;0;33
P0264;-12.793207;-60.313832;RO62;Fish_Amazonia_RO;3;101;P0264;2018;30.36491046;baixo;16.05839416;baixo;0;0;recent;10;33
P0263;-12.873268;-60.462772;RO61;Fish_Amazonia_RO;10;101;P0263;2018;30.36491046;baixo;68.5828466;alto;0;0;recent;10;33
P0265;-12.796717;-60.253362;RO63;Fish_Amazonia_RO;4;101;P0265;2018;30.36491046;baixo;73.89951089;alto;0;0;recent;10;33
P0266;-12.785675;-60.409268;RO64;Fish_Amazonia_RO;4;101;P0266;2018;30.36491046;baixo;84.48815378;alto;0;0;recent;10;33
P0382;-14.3899;-48.3583;Ni9;fish_Cerrado_GO;10;96;P0382;2013;31.25779682;baixo;24.09893993;baixo;0;0;recent;1;28
P0383;-14.4501;-48.3702;Ni10;fish_Cerrado_GO;3;96;P0383;2013;31.25779682;baixo;27.17183314;baixo;0;0;recent;1;28
P0377;-14.3407;-48.3391;Ni4;fish_Cerrado_GO;3;96;P0377;2013;31.25779682;baixo;36.63863355;baixo;0;0;recent;1;28
P0384;-14.4303;-48.3807;Ni12;fish_Cerrado_GO;6;96;P0384;2013;31.25779682;baixo;37.84461153;baixo;0;0;recent;1;28
P0070;-3.716832;-48.134219;igarapé23;fish_Amazonia_PA;19;117;P0070;2011;31.62507227;baixo;0.808932437;baixo;0;0;recent;4;26
P0072;-3.775184;-48.10423;igarapé25;fish_Amazonia_PA;22;117;P0072;2011;31.62507227;baixo;47.4128234;baixo;0;0;recent;4;26
P0071;-3.757758;-48.116052;igarapé24;fish_Amazonia_PA;20;117;P0071;2011;31.62507227;baixo;72.87174721;alto;0;0;recent;4;26
P0294;-28.51503;-55.469611;SAM1303;fish_CamposSulinos_RS;19;5;P0294;2014;32.74931517;baixo;12.64451746;baixo;0;0;recent;29;29
P0293;-28.552564;-55.437127;SAM1302;fish_CamposSulinos_RS;26;5;P0293;2014;32.74931517;baixo;13.70713366;baixo;0;0;recent;29;29
P0292;-28.544939;-55.480953;SAM1301;fish_CamposSulinos_RS;27;5;P0292;2014;32.74931517;baixo;16.02836145;baixo;0;0;recent;29;29
P0352;-13.546417;-48.681722;P21;fish_Cerrado_GO;21;99;P0352;2013;33.48960876;baixo;5.907885218;baixo;0;0;recent;8;28
P0349;-13.480833;-48.620722;P18;fish_Cerrado_GO;25;99;P0349;2013;33.48960876;baixo;6.19266055;baixo;0;0;recent;8;28
P0354;-13.522333;-48.646861;P23;fish_Cerrado_GO;7;99;P0354;2013;33.48960876;baixo;7.834441981;baixo;0;0;recent;8;28
P0351;-13.558722;-48.674194;P20;fish_Cerrado_GO;19;99;P0351;2013;33.48960876;baixo;11.2354521;baixo;0;0;recent;8;28
P0344;-13.444444;-48.602806;P13;fish_Cerrado_GO;22;99;P0344;2013;33.48960876;baixo;15.39637732;baixo;0;0;recent;8;28
P0353;-13.511944;-48.651667;P22;fish_Cerrado_GO;16;99;P0353;2013;33.48960876;baixo;22.51620817;baixo;0;0;recent;8;28
P0350;-13.481944;-48.650611;P19;fish_Cerrado_GO;12;99;P0350;2013;33.48960876;baixo;34.27927928;baixo;0;0;recent;8;28
P0057;-3.210043;-47.602725;igarapé9;fish_Amazonia_PA;12;119;P0057;2011;33.87135536;baixo;0.123479657;baixo;0;0;recent;24;26
P0089;-3.282473;-47.584629;igarapé42;fish_Amazonia_PA;45;119;P0089;2011;33.87135536;baixo;17.87806809;baixo;0;0;recent;24;26
P0489;-18.326619;-45.003445;TM0159;Fish_Cerrado_MG;11;89;P0489;2011;35.66431317;baixo;37.67770315;baixo;0;0;recent;8;26
P0476;-18.404963;-44.98985;TM0043;Fish_Cerrado_MG;9;89;P0476;2011;35.66431317;baixo;62.57459506;alto;0;0;recent;8;26
P0358;-13.339778;-48.612861;P27;fish_Cerrado_GO;16;100;P0358;2013;35.68670268;baixo;0;baixo;0;0;recent;11;28
P0357;-13.363611;-48.59925;P26;fish_Cerrado_GO;15;100;P0357;2013;35.68670268;baixo;5.268205796;baixo;0;0;recent;11;28
P0355;-13.417194;-48.607028;P24;fish_Cerrado_GO;21;100;P0355;2013;35.68670268;baixo;6.496119575;baixo;0;0;recent;11;28
P0356;-13.392222;-48.602611;P25;fish_Cerrado_GO;9;100;P0356;2013;35.68670268;baixo;9.95394304;baixo;0;0;recent;11;28
P0359;-13.283944;-48.626722;P28;fish_Cerrado_GO;15;100;P0359;2013;35.68670268;baixo;23.13771403;baixo;0;0;recent;11;28
P0642;-21.08954;-56.73795;APA34;Fish_Cerrado_MS2;6;59;P0642;2000;37.64739096;baixo;44.38;baixo;0;0;recent;8;15
P0634;-21.39124;-56.8096;APA26;Fish_Cerrado_MS2;4;59;P0634;2000;37.64739096;baixo;76.98;alto;0;0;recent;8;15
P0088;-3.192067;-47.017891;igarapé41;fish_Amazonia_PA;15;120;P0088;2011;39.63024157;baixo;0;baixo;0;0;recent;14;26
P0098;-3.068438;-47.118609;igarapé51;fish_Amazonia_PA;20;120;P0098;2011;39.63024157;baixo;0.905498848;baixo;0;0;recent;14;26
P0096;-3.084704;-47.117616;igarapé49;fish_Amazonia_PA;25;120;P0096;2011;39.63024157;baixo;24.61688947;baixo;0;0;recent;14;26
P0971;-15.74185373;-52.62227507;Corrego 21;fish_Cerrado_MT;13;93;P0971;2016;41.07303841;baixo;19.80574408;baixo;0;0;recent;20;31
P0970;-15.71715047;-52.63596973;Corrego 20;fish_Cerrado_MT;2;93;P0970;2016;41.07303841;baixo;54.16058394;alto;0;0;recent;20;31
P0972;-15.75594019;-52.58935291;Corrego 22;fish_Cerrado_MT;10;93;P0972;2016;41.07303841;baixo;77.28446051;alto;0;0;recent;20;31
P0087;-3.086545;-46.969354;igarapé40;fish_Amazonia_PA;13;121;P0087;2011;41.46998406;baixo;0.100070049;baixo;0;0;recent;14;26
P0086;-3.021663;-46.949053;igarapé39;fish_Amazonia_PA;39;121;P0086;2011;41.46998406;baixo;21.19198475;baixo;0;0;recent;14;26
P0480;-18.542022;-45.611535;TM0088;Fish_Cerrado_MG;3;90;P0480;2011;44.04634522;baixo;60.08503853;alto;0;0;recent;26;26
P0478;-18.439856;-45.671266;TM0072;Fish_Cerrado_MG;8;90;P0478;2011;44.04634522;baixo;64.39803242;alto;0;0;recent;26;26
P0482;-18.516502;-45.018787;TM0091;Fish_Cerrado_MG;6;88;P0482;2011;47.32462191;baixo;43.6672922;baixo;0;26;old;26;26
P0472;-18.459969;-44.990179;TM0027;Fish_Cerrado_MG;2;88;P0472;2011;47.32462191;baixo;74.35033163;alto;0;26;old;26;26
P0381;-14.4211;-48.7353;Ni8;fish_Cerrado_GO;13;95;P0381;2013;47.5438324;baixo;7.226782553;baixo;0;0;recent;2;28
P0379;-14.3687;-48.7169;Ni6;fish_Cerrado_GO;7;95;P0379;2013;47.5438324;baixo;10.29644553;baixo;0;0;recent;2;28
P0380;-14.3939;-48.8105;Ni7;fish_Cerrado_GO;5;95;P0380;2013;47.5438324;baixo;53.92180599;alto;0;0;recent;2;28
P0342;-13.833944;-48.908333;P10;fish_Cerrado_GO;18;98;P0342;2013;48.06580097;baixo;8.534149913;baixo;0;0;recent;28;28
P0343;-13.826722;-48.902556;P11;fish_Cerrado_GO;10;98;P0343;2013;48.06580097;baixo;8.83781159;baixo;0;0;recent;28;28
P0333;-13.797861;-48.802583;P1;fish_Cerrado_GO;16;98;P0333;2013;48.06580097;baixo;11.2593985;baixo;0;0;recent;28;28
P0345;-13.743056;-48.833889;P14;fish_Cerrado_GO;8;98;P0345;2013;48.06580097;baixo;12.59492931;baixo;0;0;recent;28;28
P0334;-13.776889;-48.828491;P2;fish_Cerrado_GO;12;98;P0334;2013;48.06580097;baixo;16.50926898;baixo;0;0;recent;28;28
P0339;-13.747194;-48.866556;P7;fish_Cerrado_GO;11;98;P0339;2013;48.06580097;baixo;23.46407845;baixo;0;0;recent;28;28
P0361;-13.813389;-48.891278;P30;fish_Cerrado_GO;28;98;P0361;2013;48.06580097;baixo;23.84706658;baixo;0;0;recent;28;28
P3241;-11.508836;-59.083063;A26;Fish_Amazonia_MT;16;109;P3241;2018;48.09493567;baixo;39.92473371;baixo;0;0;recent;19;33
P3240;-11.463599;-59.031922;A25;Fish_Amazonia_MT;14;109;P3240;2018;48.09493567;baixo;49.12321181;baixo;0;0;recent;19;33
P3245;-11.467404;-59.124734;A30;Fish_Amazonia_MT;21;109;P3245;2018;48.09493567;baixo;52.08671835;alto;0;0;recent;19;33
P3239;-11.460389;-59.037241;A24;Fish_Amazonia_MT;10;109;P3239;2018;48.09493567;baixo;65.25658807;alto;0;0;recent;19;33
P3242;-11.447033;-59.146873;A27;Fish_Amazonia_MT;17;109;P3242;2018;48.09493567;baixo;78.95295564;alto;0;0;recent;19;33
P3237;-11.449072;-59.072198;A22;Fish_Amazonia_MT;21;109;P3237;2018;48.09493567;baixo;87.63620191;alto;0;0;recent;19;33
P3238;-11.458547;-59.053786;A23;Fish_Amazonia_MT;9;109;P3238;2018;48.09493567;baixo;90.98765432;alto;0;0;recent;19;33
P1077;-26.112772;-49.455536;Rio_dos_Pardos;Fish_MAtlantica_PR;6;9;P1077;2004;50.00330317;alto;32.86;baixo;0;19;recent;19;19
P1078;-26.173485;-49.39709;Mato_Preto;Fish_MAtlantica_PR;4;9;P1078;2004;50.00330317;alto;51.66;alto;0;19;recent;19;19
P1079;-26.158883;-49.362218;Rio_Poco_Frio;Fish_MAtlantica_PR;5;9;P1079;2004;50.00330317;alto;60.73;alto;0;19;recent;19;19
P0659;-21.72587;-57.03773;APA51;Fish_Cerrado_MS2;8;58;P0659;2000;51.4052286;alto;15.13;baixo;0;1;recent;12;15
P0656;-21.75716;-57.1901;APA48;Fish_Cerrado_MS2;15;58;P0656;2000;51.4052286;alto;26.52;baixo;0;1;recent;12;15
P0657;-21.67633;-57.17568;APA49;Fish_Cerrado_MS2;10;58;P0657;2000;51.4052286;alto;31.36;baixo;0;1;recent;12;15
P1034;-25.779297;-49.139057;Rio_Abaixo;Fish_MAtlantica_PR;7;10;P1034;2004;51.97936214;alto;27.13;baixo;0;19;recent;19;19
P1070;-25.83688;-49.135434;Rio_Taboado;Fish_MAtlantica_PR;6;10;P1070;2004;51.97936214;alto;75.3;alto;0;19;recent;19;19
P0951;-15.853734;-52.254766;Corrego 1;fish_Cerrado_MT;1;92;P0951;2016;52.15310778;alto;6.431609696;baixo;0;12;recent;31;31
P0955;-15.875474;-52.220117;Corrego 5;fish_Cerrado_MT;12;92;P0955;2016;52.15310778;alto;13.2434884;baixo;0;12;recent;31;31
P0979;-15.86024775;-52.20240227;Corrego 29;fish_Cerrado_MT;3;92;P0979;2016;52.15310778;alto;13.41152473;baixo;0;12;recent;31;31
P0953;-15.854124;-52.136784;Corrego 3;fish_Cerrado_MT;12;92;P0953;2016;52.15310778;alto;24.26596479;baixo;0;12;recent;31;31
P0981;-15.95347083;-52.13151695;Corrego 31;fish_Cerrado_MT;23;92;P0981;2016;52.15310778;alto;54.62727837;alto;0;12;recent;31;31
P0983;-15.89842086;-52.18840224;Corrego 33;fish_Cerrado_MT;18;92;P0983;2016;52.15310778;alto;64.14835165;alto;0;12;recent;31;31
P0982;-15.78437415;-52.36235896;Corrego 32;fish_Cerrado_MT;9;91;P0982;2016;55.58607228;alto;44.36345967;baixo;0;9;recent;31;31
P0978;-15.94042403;-52.42811823;Corrego 28;fish_Cerrado_MT;9;91;P0978;2016;55.58607228;alto;46.97093608;baixo;0;9;recent;31;31
P0974;-15.97608951;-52.3752345;Corrego 24;fish_Cerrado_MT;4;91;P0974;2016;55.58607228;alto;85.87424634;alto;0;9;recent;31;31
P0975;-15.96025229;-52.36101308;Corrego 25;fish_Cerrado_MT;3;91;P0975;2016;55.58607228;alto;95.59859155;alto;0;9;recent;31;31
P3248;-11.487667;-58.809802;J03;Fish_Amazonia_MT;19;108;P3248;2018;56.91301768;alto;76.25513104;alto;0;17;recent;24;33
P3249;-11.535163;-58.717219;J04;Fish_Amazonia_MT;31;108;P3249;2018;56.91301768;alto;77.00080032;alto;0;17;recent;24;33
P3247;-11.512006;-58.847949;J02;Fish_Amazonia_MT;28;108;P3247;2018;56.91301768;alto;83.23541467;alto;0;17;recent;24;33
P3246;-11.530351;-58.825896;J01;Fish_Amazonia_MT;19;108;P3246;2018;56.91301768;alto;92.83489097;alto;0;17;recent;24;33
P0373;-15.0503;-48.9555;BA13;fish_Cerrado_GO;8;94;P0373;2013;57.59411848;alto;14.33506045;baixo;0;28;old;28;28
P0363;-15.0947;-48.9862;BA2;fish_Cerrado_GO;3;94;P0363;2013;57.59411848;alto;28.21338239;baixo;0;28;old;28;28
P0362;-15.0765;-48.9658;BA1;fish_Cerrado_GO;12;94;P0362;2013;57.59411848;alto;53.59725923;alto;0;28;old;28;28
P1057;-26.325166;-50.018271;Rio_Leonardo;Fish_MAtlantica_PR;10;8;P1057;2004;57.88889005;alto;39.38;baixo;0;10;recent;19;19
P1037;-26.311363;-50.13643;Rio_Arroio_Grande;Fish_MAtlantica_PR;5;8;P1037;2004;57.88889005;alto;90.44;alto;0;10;recent;19;19
P1030;-25.591663;-49.942123;Riacho_Porto_Amazonas;Fish_MAtlantica_PR;2;16;P1030;2004;58.68279531;alto;58.1;alto;0;19;recent;19;19
P1040;-25.543093;-49.886077;Riacho_Canoninhas;Fish_MAtlantica_PR;5;16;P1040;2004;58.68279531;alto;88.58;alto;0;19;recent;19;19
P1035;-25.589437;-49.691576;Rio_Amola_Faca;Fish_MAtlantica_PR;6;15;P1035;2004;59.12527046;alto;22.86;baixo;0;19;recent;19;19
P1071;-25.491373;-49.653604;Rio Tortuoso;Fish_MAtlantica_PR;4;15;P1071;2004;59.12527046;alto;43.32;baixo;0;19;recent;19;19
P1055;-25.583689;-49.644379;Rio_Itaqui;Fish_MAtlantica_PR;1;15;P1055;2004;59.12527046;alto;59.57;alto;0;19;recent;19;19
P1033;-25.598704;-49.712226;Riacho_Serrinha;Fish_MAtlantica_PR;3;15;P1033;2004;59.12527046;alto;84.23;alto;0;19;recent;19;19
P1025;-26.361554;-50.541335;Riacho_Juquia;Fish_MAtlantica_PR;1;6;P1025;2004;60.13620425;alto;59.49;alto;0;19;recent;19;19
P1018;-26.249419;-50.455832;Corrego_Tira_Fogo;Fish_MAtlantica_PR;12;6;P1018;2004;60.13620425;alto;72.71;alto;0;19;recent;19;19
P0922;-19.77643;-54.51244;Barreirinho;Fish_Cerrado_MS4;16;60;P0922;2016;63.16381528;alto;71.54709614;alto;0;31;old;31;31
P0923;-19.744;-54.64326;Manga;Fish_Cerrado_MS4;10;60;P0923;2016;63.16381528;alto;78.50808555;alto;0;31;old;31;31
P1050;-26.154086;-50.282479;Rio_dos_Pardos;Fish_MAtlantica_PR;5;7;P1050;2004;64.4358989;alto;55.85;alto;0;19;recent;19;19
P1076;-26.159521;-50.238443;Arroio_do_Paiol;Fish_MAtlantica_PR;3;7;P1076;2004;64.4358989;alto;83.09;alto;0;19;recent;19;19
P0245;-9.759255;-62.116894;RO43;Fish_Amazonia_RO;19;106;P0245;2018;64.61661856;alto;4.291044776;baixo;0;16;recent;24;33
P0248;-9.806537;-62.147994;RO46;Fish_Amazonia_RO;17;106;P0248;2018;64.61661856;alto;68.43459877;alto;0;16;recent;24;33
P0234;-9.667455;-62.162111;RO32;Fish_Amazonia_RO;24;106;P0234;2018;64.61661856;alto;100;alto;0;16;recent;24;33
P0937;-20.80774;-54.88499;Cór_canastrão;Fish_Cerrado_MS4;14;49;P0937;2016;67.73396854;alto;64.03116764;alto;0;28;old;31;31
P0935;-20.65782;-55.14295;Rib_Belchior;Fish_Cerrado_MS4;8;49;P0935;2016;67.73396854;alto;81.25384773;alto;0;28;old;31;31
P0938;-20.88995;-54.94744;Cór_coroado;Fish_Cerrado_MS4;5;49;P0938;2016;67.73396854;alto;91.53406458;alto;0;28;old;31;31
P1032;-25.590102;-49.495963;Riacho_Guajuvira;Fish_MAtlantica_PR;4;14;P1032;2004;70.02029653;alto;59.34;alto;19;19;recent;19;19
P1073;-25.653984;-49.572053;Rio_Turvo;Fish_MAtlantica_PR;4;14;P1073;2004;70.02029653;alto;67.87;alto;19;19;recent;19;19
P0909;-21.82586;-56.10278;Preto;Fish_Cerrado_MS4;13;56;P0909;2016;70.32688303;alto;51.31217745;alto;31;31;old;31;31
P0908;-21.8989;-56.05018;Limeira;Fish_Cerrado_MS4;7;56;P0908;2016;70.32688303;alto;64.60252578;alto;31;31;old;31;31
P0907;-21.97072;-55.95173;Sao_lourenço;Fish_Cerrado_MS4;4;56;P0907;2016;70.32688303;alto;79.49974324;alto;31;31;old;31;31
P0941;-21.95381;-55.84067;Nasc_Miranda;Fish_Cerrado_MS4;3;56;P0941;2016;70.32688303;alto;100;alto;31;31;old;31;31
P0474;-19.237036;-45.371235;TM0033;Fish_Cerrado_MG;3;85;P0474;2011;70.82908347;alto;39.62148962;baixo;9;26;old;26;26
P0481;-19.193392;-45.206606;TM0090;Fish_Cerrado_MG;2;85;P0481;2011;70.82908347;alto;46.12152553;baixo;9;26;old;26;26
P0486;-19.2274;-45.237008;TM0133;Fish_Cerrado_MG;3;85;P0486;2011;70.82908347;alto;73.7878893;alto;9;26;old;26;26
P0477;-19.076318;-45.164636;TM0058;Fish_Cerrado_MG;5;86;P0477;2011;71.14262819;alto;45.78512397;baixo;1;26;old;26;26
P0499;-19.181316;-45.446763;TM0290;Fish_Cerrado_MG;7;86;P0499;2011;71.14262819;alto;84.79188501;alto;1;26;old;26;26
P0507;-19.148292;-45.436062;TM6757;Fish_Cerrado_MG;0;86;P0507;2011;71.14262819;alto;88.87053479;alto;1;26;old;26;26
P0427;-19.231504;-47.149664;NP7308;Fish_Cerrado_MG;5;82;P0427;2011;72.83035124;alto;14.13427562;baixo;26;26;old;26;26
P0392;-19.35887;-47.216649;NP0012;Fish_Cerrado_MG;11;82;P0392;2011;72.83035124;alto;45.23250352;baixo;26;26;old;26;26
P0394;-19.23303;-47.215573;NP0028;Fish_Cerrado_MG;2;82;P0394;2011;72.83035124;alto;75.62583075;alto;26;26;old;26;26
P0405;-19.306116;-47.121536;NP0108;Fish_Cerrado_MG;10;82;P0405;2011;72.83035124;alto;80.00497389;alto;26;26;old;26;26
P0428;-19.247063;-47.139254;NP9611;Fish_Cerrado_MG;6;82;P0428;2011;72.83035124;alto;83.51453856;alto;26;26;old;26;26
P0944;-21.88867;-55.78406;Cab_Cor_Fundo;Fish_Cerrado_MS4;3;55;P0944;2016;72.87643114;alto;89.76377953;alto;31;31;old;31;31
P0919;-21.65833;-56.02726;Sta_Tereza;Fish_Cerrado_MS4;17;55;P0919;2016;72.87643114;alto;92.94867464;alto;31;31;old;31;31
P0414;-19.123306;-46.825194;NP0203;Fish_Cerrado_MG;12;83;P0414;2011;74.16030329;alto;54.04209965;alto;26;26;old;26;26
P0398;-19.017444;-46.873111;NP0055;Fish_Cerrado_MG;12;83;P0398;2011;74.16030329;alto;91.54312131;alto;26;26;old;26;26
P1311;-22.340545;-47.803463;Corumbatai_31;Fish_MAtlantica_SP2;2;22;P1311;2005;74.3468606;alto;43.36;baixo;20;20;old;20;20
P1319;-22.360013;-47.835683;Corumbatai_39;Fish_MAtlantica_SP2;1;22;P1319;2005;74.3468606;alto;55.7;alto;20;20;old;20;20
P1317;-22.285449;-47.831412;Corumbatai_37;Fish_MAtlantica_SP2;11;22;P1317;2005;74.3468606;alto;55.73;alto;20;20;old;20;20
P1326;-22.420712;-47.79078;Corumbatai_46;Fish_MAtlantica_SP2;12;22;P1326;2005;74.3468606;alto;66.31;alto;20;20;old;20;20
P1312;-22.342315;-47.799249;Corumbatai_32;Fish_MAtlantica_SP2;4;22;P1312;2005;74.3468606;alto;67.49;alto;19;19;recent;19;20
P1325;-22.402167;-47.810843;Corumbatai_45;Fish_MAtlantica_SP2;12;22;P1325;2005;74.3468606;alto;68.44;alto;20;20;old;20;20
P1303;-22.264122;-47.68139;Corumbatai_23;Fish_MAtlantica_SP2;2;22;P1303;2005;74.3468606;alto;70.07;alto;20;20;old;20;20
P1314;-22.362523;-47.891213;Corumbatai_34;Fish_MAtlantica_SP2;10;22;P1314;2005;74.3468606;alto;75.4;alto;20;20;old;20;20
P1304;-22.251638;-47.662106;Corumbatai_24;Fish_MAtlantica_SP2;7;22;P1304;2005;74.3468606;alto;75.72;alto;20;20;old;20;20
P1313;-22.36334;-47.891996;Corumbatai_33;Fish_MAtlantica_SP2;16;22;P1313;2005;74.3468606;alto;81.03;alto;20;20;old;20;20
P1321;-22.4003;-47.841179;Corumbatai_41;Fish_MAtlantica_SP2;4;22;P1321;2005;74.3468606;alto;81.45;alto;20;20;old;20;20
P1307;-22.305968;-47.67503;Corumbatai_27;Fish_MAtlantica_SP2;1;22;P1307;2005;74.3468606;alto;92.24;alto;20;20;old;20;20
P1324;-22.516729;-47.75498;Corumbatai_44;Fish_MAtlantica_SP2;2;22;P1324;2005;74.3468606;alto;93.43;alto;20;20;old;20;20
P1322;-22.410102;-47.883985;Corumbatai_42;Fish_MAtlantica_SP2;3;22;P1322;2005;74.3468606;alto;98.79;alto;20;20;old;20;20
P1320;-22.399225;-47.84736;Corumbatai_40;Fish_MAtlantica_SP2;3;22;P1320;2005;74.3468606;alto;99.5;alto;20;20;old;20;20
P1323;-22.401036;-47.866956;Corumbatai_43;Fish_MAtlantica_SP2;1;22;P1323;2005;74.3468606;alto;100;alto;20;20;old;20;20
P0271;-11.734409;-61.388532;RO69;Fish_Amazonia_RO;16;102;P0271;2018;75.27787179;alto;0;baixo;22;30;old;33;33
P0276;-11.935457;-61.468521;RO74;Fish_Amazonia_RO;17;102;P0276;2018;75.27787179;alto;95.13274336;alto;22;30;old;33;33
P0277;-11.870273;-61.426755;RO75;Fish_Amazonia_RO;22;102;P0277;2018;75.27787179;alto;95.15169542;alto;22;30;old;33;33
P0272;-11.831469;-61.402675;RO70;Fish_Amazonia_RO;12;102;P0272;2018;75.27787179;alto;96.90446904;alto;22;30;old;33;33
P0559;-23.21651;-54.02581;AM14;Fish_Cerrado_MS;14;25;P0559;2000;75.97000097;alto;89.36;alto;15;15;recent;15;15
P0553;-23.07698;-54.15405;AM8;Fish_Cerrado_MS;5;25;P0553;2000;75.97000097;alto;98.58;alto;15;15;recent;15;15
P0766;-22.057222;-55.498028;Pt97;fish_Cerrado_MS3;3;122;P0766;2016;79.31890226;alto;77.50439367;alto;31;31;old;31;31
P0713;-22.157444;-55.57175;Pt40;fish_Cerrado_MS3;6;122;P0713;2016;79.31890226;alto;91.86851211;alto;31;31;old;31;31
P1297;-22.152586;-47.604796;Corumbatai_17;Fish_MAtlantica_SP2;1;23;P1297;2005;79.37823237;alto;40.18;baixo;20;20;old;20;20
P1294;-22.155779;-47.632514;Corumbatai_14;Fish_MAtlantica_SP2;5;23;P1294;2005;79.37823237;alto;51.5;alto;20;20;old;20;20
P1351;-22.177084;-47.584621;Corumbatai_71;Fish_MAtlantica_SP2;10;23;P1351;2005;79.37823237;alto;55.64;alto;20;20;old;20;20
P1292;-22.113722;-47.702513;Corumbatai_12;Fish_MAtlantica_SP2;6;23;P1292;2005;79.37823237;alto;57.31;alto;20;20;old;20;20
P1299;-22.164807;-47.705786;Corumbatai_19;Fish_MAtlantica_SP2;4;23;P1299;2005;79.37823237;alto;60.64;alto;20;20;old;20;20
P1298;-22.148003;-47.614238;Corumbatai_18;Fish_MAtlantica_SP2;2;23;P1298;2005;79.37823237;alto;74.84;alto;20;20;old;20;20
P1343;-22.191033;-47.608316;Corumbatai_63;Fish_MAtlantica_SP2;4;23;P1343;2005;79.37823237;alto;75.46;alto;20;20;old;20;20
P1289;-22.134517;-47.728228;Corumbatai_09;Fish_MAtlantica_SP2;4;23;P1289;2005;79.37823237;alto;77.22;alto;20;20;old;20;20
P1349;-22.195219;-47.59549;Corumbatai_69;Fish_MAtlantica_SP2;4;23;P1349;2005;79.37823237;alto;79.24;alto;20;20;old;20;20
P1348;-22.195299;-47.575716;Corumbatai_68;Fish_MAtlantica_SP2;3;23;P1348;2005;79.37823237;alto;80.58;alto;20;20;old;20;20
P1352;-22.182587;-47.581988;Corumbatai_72;Fish_MAtlantica_SP2;4;23;P1352;2005;79.37823237;alto;81.13;alto;20;20;old;20;20
P1346;-22.286253;-47.621963;Corumbatai_66;Fish_MAtlantica_SP2;4;23;P1346;2005;79.37823237;alto;81.68;alto;20;20;old;20;20
P1347;-22.276063;-47.577319;Corumbatai_67;Fish_MAtlantica_SP2;10;23;P1347;2005;79.37823237;alto;91.46;alto;20;20;old;20;20
P1295;-22.138027;-47.705545;Corumbatai_15;Fish_MAtlantica_SP2;3;23;P1295;2005;79.37823237;alto;93.42;alto;20;20;old;20;20
P1350;-22.214797;-47.608697;Corumbatai_70;Fish_MAtlantica_SP2;11;23;P1350;2005;79.37823237;alto;95.89;alto;20;20;old;20;20
P0793;-23.133333;-53.876111;Pt125;fish_Cerrado_MS3;12;26;P0793;2016;79.71042023;alto;88.86994705;alto;31;31;old;31;31
P0786;-23.041639;-54.024056;Pt118;fish_Cerrado_MS3;11;26;P0786;2016;79.71042023;alto;92.05823958;alto;31;31;old;31;31
P0751;-22.994778;-54.184472;Pt82;fish_Cerrado_MS3;16;26;P0751;2016;79.71042023;alto;94.69693048;alto;31;31;old;31;31
P0685;-22.872222;-54.076222;Pt12;fish_Cerrado_MS3;12;26;P0685;2016;79.71042023;alto;96.85774842;alto;31;31;old;31;31
P0752;-22.782806;-54.199944;Pt83;fish_Cerrado_MS3;2;26;P0752;2016;79.71042023;alto;100;alto;31;31;old;31;31
P0610;-22.17139;-56.19987;APA1;Fish_Cerrado_MS2;5;57;P0610;2000;79.85348978;alto;84.62;alto;15;15;recent;15;15
P0647;-22.19158;-56.08481;APA39;Fish_Cerrado_MS2;7;57;P0647;2000;79.85348978;alto;89.86;alto;15;15;recent;15;15
P0614;-22.14518;-56.30818;APA5;Fish_Cerrado_MS2;7;57;P0614;2000;79.85348978;alto;91.46;alto;15;15;recent;15;15
P0758;-21.491472;-54.589306;Pt89;fish_Cerrado_MS3;11;47;P0758;2016;81.1395724;alto;81.95345002;alto;31;31;old;31;31
P0700;-21.618944;-54.630778;Pt27;fish_Cerrado_MS3;8;47;P0700;2016;81.1395724;alto;83.41176471;alto;31;31;old;31;31
P0676;-21.539083;-54.557167;Pt3;fish_Cerrado_MS3;12;47;P0676;2016;81.1395724;alto;92.57765228;alto;31;31;old;31;31
P0750;-22.749417;-54.028389;Pt81;fish_Cerrado_MS3;8;28;P0750;2016;81.24484571;alto;80.12199498;alto;31;31;old;31;31
P0787;-22.763194;-53.969833;Pt119;fish_Cerrado_MS3;5;28;P0787;2016;81.24484571;alto;97.18726869;alto;31;31;old;31;31
P0784;-21.893333;-54.343778;Pt115;fish_Cerrado_MS3;7;45;P0784;2016;81.36383493;alto;89.53611663;alto;31;31;old;31;31
P0730;-21.871722;-54.446889;Pt58;fish_Cerrado_MS3;9;45;P0730;2016;81.36383493;alto;91.49223498;alto;31;31;old;31;31
P0444;-18.971853;-49.698615;SS0053;Fish_Cerrado_MG;2;76;P0444;2011;82.26111428;alto;84.47959652;alto;26;26;old;26;26
P0455;-18.983432;-49.775918;SS0149;Fish_Cerrado_MG;12;76;P0455;2011;82.26111428;alto;85.44528446;alto;26;26;old;26;26
P0461;-18.952621;-49.784595;SS0213;Fish_Cerrado_MG;11;76;P0461;2011;82.26111428;alto;87.6172285;alto;26;26;old;26;26
P0675;-21.56575;-54.485083;Pt2;fish_Cerrado_MS3;4;46;P0675;2016;82.28640524;alto;80.76601184;alto;31;31;old;31;31
P0674;-21.657333;-54.424944;Pt1;fish_Cerrado_MS3;16;46;P0674;2016;82.28640524;alto;86.07410054;alto;31;31;old;31;31
P1200;-20.458917;-50.242583;015IBISJD;Fish_MAtlantica_SP;4;68;P1200;2005;82.5739294;alto;92.66;alto;20;20;old;20;20
P1201;-20.444222;-50.263278;016IBISJD;Fish_MAtlantica_SP;16;68;P1201;2005;82.5739294;alto;93.21;alto;20;20;old;20;20
P1206;-20.528222;-50.320833;021IBISJD;Fish_MAtlantica_SP;13;68;P1206;2005;82.5739294;alto;94.37;alto;20;20;old;20;20
P0262;-11.593197;-61.872206;RO60;Fish_Amazonia_RO;14;103;P0262;2018;83.0403235;alto;62.72306675;alto;20;26;old;33;33
P0261;-11.469437;-61.797183;RO59;Fish_Amazonia_RO;25;103;P0261;2018;83.0403235;alto;91.22807018;alto;20;26;old;33;33
P0441;-18.96551;-50.049389;SS0038;Fish_Cerrado_MG;15;77;P0441;2011;83.30518374;alto;80.40418259;alto;26;26;old;26;26
P0450;-18.837748;-50.006148;SS0105;Fish_Cerrado_MG;13;77;P0450;2011;83.30518374;alto;86.88924037;alto;26;26;old;26;26
P0445;-18.978665;-49.911258;SS0057;Fish_Cerrado_MG;5;77;P0445;2011;83.30518374;alto;93.45193971;alto;26;26;old;26;26
P0744;-22.095778;-55.269361;Pt75;fish_Cerrado_MS3;9;62;P0744;2016;83.3052492;alto;70.72525684;alto;23;31;old;31;31
P0720;-22.006639;-53.551806;Pt48;fish_Cerrado_MS3;18;62;P0720;2016;83.3052492;alto;92.65306122;alto;23;31;old;31;31
P0804;-21.94183;-55.70272;Cab01;fish_Cerrado_MS3;9;54;P0804;2016;83.80209928;alto;87.09204647;alto;31;31;old;31;31
P0811;-22.100479;-54.649977;LD3;fish_Cerrado_MS3;13;54;P0811;2016;83.80209928;alto;90.3291345;alto;31;31;old;31;31
P0731;-22.504472;-55.3135;Pt62;fish_Cerrado_MS3;5;36;P0731;2013;84.2075077;alto;86.05509395;alto;28;28;old;28;28
P0824;-22.483465;-55.242073;Douradinho;fish_Cerrado_MS3;10;36;P0824;2016;84.3006976;alto;85.53013371;alto;31;31;old;31;31
P0407;-18.881865;-47.124201;NP0112;Fish_Cerrado_MG;2;84;P0407;2011;84.44412314;alto;82.31368187;alto;26;26;old;26;26
P0410;-18.934025;-47.062978;NP0139;Fish_Cerrado_MG;7;84;P0410;2011;84.44412314;alto;82.54668191;alto;26;26;old;26;26
P0419;-18.932137;-47.116739;NP0368;Fish_Cerrado_MG;8;84;P0419;2011;84.44412314;alto;92.13585594;alto;26;26;old;26;26
P0555;-22.77628;-54.99106;AM10;Fish_Cerrado_MS;8;32;P0555;2000;84.62286802;alto;81.71;alto;15;15;recent;15;15
P0561;-22.84408;-54.82436;AM16;Fish_Cerrado_MS;9;32;P0561;2000;84.62286802;alto;97.73;alto;15;15;recent;15;15
P1192;-20.625444;-49.892611;007IBISJD;Fish_MAtlantica_SP;11;67;P1192;2005;84.66817873;alto;83.56;alto;20;20;old;20;20
P1199;-20.475722;-49.886972;014IBISJD;Fish_MAtlantica_SP;8;67;P1199;2005;84.66817873;alto;86.92;alto;20;20;old;20;20
P1193;-20.612889;-49.96825;008IBISJD;Fish_MAtlantica_SP;13;67;P1193;2005;84.66817873;alto;90.08;alto;20;20;old;20;20
P1194;-20.542056;-49.935306;009IBISJD;Fish_MAtlantica_SP;8;67;P1194;2005;84.66817873;alto;92.46;alto;20;20;old;20;20
P0754;-22.433972;-55.064361;Pt85;fish_Cerrado_MS3;6;37;P0754;2016;84.77239035;alto;86.35658298;alto;31;31;old;31;31
P0755;-22.436722;-55.093861;Pt86;fish_Cerrado_MS3;6;37;P0755;2016;84.77239035;alto;86.44122329;alto;31;31;old;31;31
P0756;-22.596028;-55.600556;Pt87;fish_Cerrado_MS3;2;35;P0756;2016;84.77387042;alto;68.6882004;alto;31;31;old;31;31
P0821;-22.557378;-55.623394;Carambola;fish_Cerrado_MS3;9;35;P0821;2016;84.77387042;alto;90.69972025;alto;31;31;old;31;31
P0693;-22.523583;-55.466;Pt20;fish_Cerrado_MS3;2;35;P0693;2016;84.77387042;alto;95.79238329;alto;31;31;old;31;31
P0575;-23.1687;-55.34413;AM31;Fish_Cerrado_MS;1;34;P0575;2000;85.02363134;alto;89.84;alto;15;15;recent;15;15
P0548;-23.05401;-55.58702;AM3;Fish_Cerrado_MS;9;34;P0548;2000;85.02363134;alto;97.59;alto;15;15;recent;15;15
P0547;-22.94919;-55.59873;AM2;Fish_Cerrado_MS;3;34;P0547;2000;85.02363134;alto;98.52;alto;15;15;recent;15;15
P0573;-23.17932;-55.53846;AM29;Fish_Cerrado_MS;2;34;P0573;2000;85.02363134;alto;100;alto;15;15;recent;15;15
P0574;-23.2406;-55.53552;AM30;Fish_Cerrado_MS;2;34;P0574;2000;85.02363134;alto;100;alto;15;15;recent;15;15
P0714;-21.766028;-55.568667;Pt42;fish_Cerrado_MS3;2;53;P0714;2016;86.03823019;alto;85.58239429;alto;31;31;old;31;31
P0805;-21.80758;-55.65744;Cab10;fish_Cerrado_MS3;10;53;P0805;2016;86.03823019;alto;94.36040865;alto;31;31;old;31;31
P0215;-11.030736;-61.911585;RO13;Fish_Amazonia_RO;26;104;P0215;2018;86.26398906;alto;80.33948677;alto;25;33;old;33;33
P0254;-11.015002;-61.992865;RO52;Fish_Amazonia_RO;22;104;P0254;2018;86.26398906;alto;90.2952381;alto;25;33;old;33;33
P0255;-11.057503;-61.979465;RO53;Fish_Amazonia_RO;19;104;P0255;2018;86.26398906;alto;92.22856513;alto;25;33;old;33;33
P0256;-11.092017;-61.977586;RO54;Fish_Amazonia_RO;20;104;P0256;2018;86.26398906;alto;96.44713508;alto;25;33;old;33;33
P0218;-9.421498;-61.821973;RO16;Fish_Amazonia_RO;20;104;P0218;2018;86.26398906;alto;100;alto;25;33;old;33;33
P0527;-19.753246;-47.792154;VG0210;Fish_Cerrado_MG;11;80;P0527;2011;86.45351689;alto;76.35765804;alto;26;26;old;26;26
P0513;-19.833332;-47.669734;VG0022;Fish_Cerrado_MG;3;80;P0513;2011;86.45351689;alto;81.06060606;alto;26;26;old;26;26
P0536;-19.785872;-47.786184;VG0418;Fish_Cerrado_MG;7;80;P0536;2011;86.45351689;alto;85.29123358;alto;26;26;old;26;26
P0518;-19.855153;-47.818215;VG0109;Fish_Cerrado_MG;4;80;P0518;2011;86.45351689;alto;91.67533819;alto;26;26;old;26;26
P0514;-19.751954;-47.820348;VG0034;Fish_Cerrado_MG;5;80;P0514;2011;86.45351689;alto;95.46005892;alto;26;26;old;26;26
P0511;-19.788006;-47.722379;VG0018;Fish_Cerrado_MG;2;80;P0511;2011;86.45351689;alto;96.30492676;alto;26;26;old;26;26
P0424;-19.312146;-47.523249;NP15048;Fish_Cerrado_MG;3;81;P0424;2011;86.92112078;alto;89.48862778;alto;26;26;old;26;26
P0391;-19.306411;-47.542821;NP0008;Fish_Cerrado_MG;5;81;P0391;2011;86.92112078;alto;89.54459414;alto;26;26;old;26;26
P0413;-19.266275;-47.513836;NP0192;Fish_Cerrado_MG;3;81;P0413;2011;86.92112078;alto;90.17275266;alto;26;26;old;26;26
P0425;-19.274624;-47.578219;NP1524;Fish_Cerrado_MG;3;81;P0425;2011;86.92112078;alto;93.3972741;alto;26;26;old;26;26
P0562;-22.80231;-54.54893;AM17;Fish_Cerrado_MS;8;27;P0562;2000;86.95598967;alto;86.61;alto;15;15;recent;15;15
P0580;-22.92585;-54.50236;AM36;Fish_Cerrado_MS;5;27;P0580;2000;86.95598967;alto;90.81;alto;15;15;recent;15;15
P0595;-22.78275;-54.53992;AM51;Fish_Cerrado_MS;4;27;P0595;2000;86.95598967;alto;92.37;alto;15;15;recent;15;15
P0593;-22.86617;-54.58963;AM49;Fish_Cerrado_MS;5;27;P0593;2000;86.95598967;alto;95.82;alto;15;15;recent;15;15
P0564;-23.0429;-54.51001;AM19;Fish_Cerrado_MS;6;27;P0564;2000;86.95598967;alto;96.45;alto;15;15;recent;15;15
P0780;-21.329028;-55.329028;Pt111;fish_Cerrado_MS3;6;50;P0780;2016;87.47747629;alto;65.07747318;alto;31;31;old;31;31
P0717;-21.303694;-55.436667;Pt45;fish_Cerrado_MS3;11;50;P0717;2016;87.47747629;alto;89.29928561;alto;31;31;old;31;31
P0807;-21.25867;-55.53669;Cab15;fish_Cerrado_MS3;7;50;P0807;2016;87.47747629;alto;89.54621849;alto;31;31;old;31;31
P0718;-21.216028;-55.416278;Pt46;fish_Cerrado_MS3;11;50;P0718;2016;87.47747629;alto;93.99339934;alto;31;31;old;31;31
P1257;-20.325389;-49.399944;072TUG;Fish_MAtlantica_SP;7;75;P1257;2005;87.70185126;alto;92.44;alto;20;20;old;20;20
P1249;-20.195806;-49.416111;064TUG;Fish_MAtlantica_SP;2;75;P1249;2005;87.70185126;alto;94.2;alto;20;20;old;20;20
P1251;-20.151861;-49.556694;066TUG;Fish_MAtlantica_SP;15;75;P1251;2005;87.70185126;alto;94.53;alto;20;20;old;20;20
P1258;-20.384667;-49.400444;073TUG;Fish_MAtlantica_SP;14;75;P1258;2005;87.70185126;alto;94.99;alto;20;20;old;20;20
P1252;-20.207194;-49.546917;067TUG;Fish_MAtlantica_SP;14;75;P1252;2005;87.70185126;alto;95.82;alto;20;20;old;20;20
P1256;-20.286861;-49.531667;071TUG;Fish_MAtlantica_SP;1;75;P1256;2005;87.70185126;alto;100;alto;20;20;old;20;20
P0690;-22.311306;-53.952056;Pt17;fish_Cerrado_MS3;9;42;P0690;2016;87.80942046;alto;96.62693206;alto;31;31;old;31;31
P0849;-22.381333;-53.889722;Cor_Rosario;fish_Cerrado_MS3;9;42;P0849;2016;87.80942046;alto;97.30642724;alto;31;31;old;31;31
P0747;-22.351472;-53.930222;Pt78;fish_Cerrado_MS3;25;42;P0747;2016;87.80942046;alto;99.20535341;alto;31;31;old;31;31
P0837;-22.210763;-54.913785;Curral_4;fish_Cerrado_MS3;6;38;P0837;2016;87.84545099;alto;80.9060277;alto;31;31;old;31;31
P0872;-22.35417;-54.940721;Madeira;fish_Cerrado_MS3;25;38;P0872;2016;87.84545099;alto;83.88241257;alto;31;31;old;31;31
P0836;-22.220884;-54.918114;Curral_2;fish_Cerrado_MS3;3;38;P0836;2016;87.84545099;alto;88.01705084;alto;31;31;old;31;31
P0835;-22.204921;-54.881643;Curral_1;fish_Cerrado_MS3;11;38;P0835;2016;87.84545099;alto;88.21119709;alto;31;31;old;31;31
P0844;-22.312387;-54.842315;Curral_15;fish_Cerrado_MS3;5;38;P0844;2016;87.84545099;alto;92.21539072;alto;31;31;old;31;31
P0819;-22.25629;-54.86129;3tubos;fish_Cerrado_MS3;11;38;P0819;2016;87.84545099;alto;93.95538223;alto;31;31;old;31;31
P1204;-20.376389;-50.450917;019IBISJD;Fish_MAtlantica_SP;3;70;P1204;2005;88.17948549;alto;92.71;alto;20;20;old;20;20
P1203;-20.314361;-50.384667;018IBISJD;Fish_MAtlantica_SP;9;70;P1203;2005;88.17948549;alto;96.07;alto;20;20;old;20;20
P0748;-22.561361;-53.983342;Pt79;fish_Cerrado_MS3;4;29;P0748;2016;88.53951465;alto;87.10368535;alto;29;31;old;31;31
P0802;-22.602833;-53.9385;G6;fish_Cerrado_MS3;25;29;P0802;2016;88.53951465;alto;87.67556624;alto;29;31;old;31;31
P0683;-22.6125;-54.036028;Pt10;fish_Cerrado_MS3;12;29;P0683;2016;88.53951465;alto;93.69344866;alto;29;31;old;31;31
P0682;-22.153139;-54.939556;Pt9;fish_Cerrado_MS3;5;40;P0682;2016;88.70596504;alto;83.67389275;alto;31;31;old;31;31
P0832;-21.941386;-54.84665;CorCarumbezinho;fish_Cerrado_MS3;5;40;P0832;2016;88.70596504;alto;95.89145864;alto;31;31;old;31;31
P0578;-23.04425;-55.1143;AM34;Fish_Cerrado_MS;8;33;P0578;2000;88.72728226;alto;90.82;alto;15;15;recent;15;15
P0576;-23.13083;-55.22092;AM32;Fish_Cerrado_MS;11;33;P0576;2000;88.72728226;alto;93.81;alto;15;15;recent;15;15
P0597;-23.04361;-55.18116;AM53;Fish_Cerrado_MS;3;33;P0597;2000;88.72728226;alto;93.91;alto;15;15;recent;15;15
P0549;-23.14588;-55.17215;AM4;Fish_Cerrado_MS;9;33;P0549;2000;88.72728226;alto;94.4;alto;15;15;recent;15;15
P0577;-23.10379;-55.17038;AM33;Fish_Cerrado_MS;2;33;P0577;2000;88.72728226;alto;95.21;alto;15;15;recent;15;15
P1242;-20.103306;-49.923278;057TUG;Fish_MAtlantica_SP;10;74;P1242;2005;89.36047363;alto;82.36;alto;20;20;old;20;20
P1244;-20.109972;-49.823472;059TUG;Fish_MAtlantica_SP;20;74;P1244;2005;89.36047363;alto;86.97;alto;20;20;old;20;20
P1243;-20.190917;-49.86775;058TUG;Fish_MAtlantica_SP;12;74;P1243;2005;89.36047363;alto;88.24;alto;20;20;old;20;20
P1250;-20.094889;-49.672861;065TUG;Fish_MAtlantica_SP;11;74;P1250;2005;89.36047363;alto;99.22;alto;20;20;old;20;20
P1233;-20.142444;-50.379861;048TUG;Fish_MAtlantica_SP;13;71;P1233;2005;89.63892586;alto;77.18;alto;20;20;old;20;20
P1230;-20.155;-50.437556;045TUG;Fish_MAtlantica_SP;10;71;P1230;2005;89.63892586;alto;81.8;alto;20;20;old;20;20
P1228;-19.97275;-50.447278;043TUG;Fish_MAtlantica_SP;5;71;P1228;2005;89.63892586;alto;86.06;alto;20;20;old;20;20
P1221;-20.288806;-49.925417;036TUG;Fish_MAtlantica_SP;9;73;P1221;2005;90.0972692;alto;96.04;alto;20;20;old;20;20
P1222;-20.204444;-49.96025;037TUG;Fish_MAtlantica_SP;9;73;P1222;2005;90.0972692;alto;97.06;alto;20;20;old;20;20
P1264;-20.720167;-49.223333;079TUG;Fish_MAtlantica_SP;9;63;P1264;2005;90.34747033;alto;95.2;alto;20;20;old;20;20
P1265;-20.694639;-49.08175;080TUG;Fish_MAtlantica_SP;11;63;P1265;2005;90.34747033;alto;97.61;alto;20;20;old;20;20
P1271;-20.852556;-49.2345;086TUG;Fish_MAtlantica_SP;12;63;P1271;2005;90.34747033;alto;98.22;alto;20;20;old;20;20
P0830;-22.26527;-53.835482;DaMata;fish_Cerrado_MS3;17;43;P0830;2016;90.46069514;alto;49.645861;baixo;31;31;old;31;31
P0904;-22.19177;-53.64944;Cor_Sao_Joao;fish_Cerrado_MS3;11;43;P0904;2016;90.46069514;alto;91.81694943;alto;31;31;old;31;31
P0745;-22.238167;-53.9495;Pt76;fish_Cerrado_MS3;7;43;P0745;2016;90.46069514;alto;94.26855895;alto;31;31;old;31;31
P0896;-22.21137;-53.90292;Nasc_Piraveve;fish_Cerrado_MS3;17;43;P0896;2016;90.46069514;alto;95.14138241;alto;31;31;old;31;31
P0905;-22.13218;-53.99947;nasc_pira;fish_Cerrado_MS3;8;43;P0905;2016;90.46069514;alto;95.31323599;alto;31;31;old;31;31
P0891;-22.30312;-53.80622;Cor_Franco;fish_Cerrado_MS3;15;43;P0891;2016;90.46069514;alto;95.91616965;alto;31;31;old;31;31
P0897;-22.20297;-53.92812;Afl_Piraveve;fish_Cerrado_MS3;7;43;P0897;2016;90.46069514;alto;96.09261939;alto;31;31;old;31;31
P0895;-22.29321;-53.76251;Cor_Caloda_J;fish_Cerrado_MS3;8;43;P0895;2016;90.46069514;alto;97.03571429;alto;31;31;old;31;31
P0687;-22.223028;-53.750889;Pt14;fish_Cerrado_MS3;8;43;P0687;2016;90.46069514;alto;97.18446602;alto;31;31;old;31;31
P1261;-20.702028;-49.406083;076TUG;Fish_MAtlantica_SP;3;65;P1261;2005;90.59562285;alto;82.67;alto;20;20;old;20;20
P1263;-20.689944;-49.451139;078TUG;Fish_MAtlantica_SP;8;65;P1263;2005;90.59562285;alto;86.5;alto;20;20;old;20;20
P1262;-20.584917;-49.450139;077TUG;Fish_MAtlantica_SP;12;65;P1262;2005;90.59562285;alto;98.21;alto;20;20;old;20;20
P1187;-20.779167;-49.581167;002IBISJD;Fish_MAtlantica_SP;13;66;P1187;2005;91.22955688;alto;81.13;alto;20;20;old;20;20
P1191;-20.687917;-49.884917;006IBISJD;Fish_MAtlantica_SP;10;66;P1191;2005;91.22955688;alto;90.15;alto;20;20;old;20;20
P1190;-20.717361;-49.811528;005IBISJD;Fish_MAtlantica_SP;6;66;P1190;2005;91.22955688;alto;91.85;alto;20;20;old;20;20
P1186;-20.822333;-49.563056;001IBISJD;Fish_MAtlantica_SP;14;66;P1186;2005;91.22955688;alto;95.21;alto;20;20;old;20;20
P1188;-20.714722;-49.71;003IBISJD;Fish_MAtlantica_SP;9;66;P1188;2005;91.22955688;alto;98.38;alto;20;20;old;20;20
P1210;-20.597083;-50.758111;025IBISJD;Fish_MAtlantica_SP;8;69;P1210;2005;92.04492407;alto;84.36;alto;20;20;old;20;20
P1218;-20.431583;-50.813972;033IBISJD;Fish_MAtlantica_SP;7;69;P1218;2005;92.04492407;alto;89.99;alto;20;20;old;20;20
P1219;-20.518917;-50.926972;034IBISJD;Fish_MAtlantica_SP;21;69;P1219;2005;92.04492407;alto;93.22;alto;20;20;old;20;20
P1211;-20.524667;-51.049;026IBISJD;Fish_MAtlantica_SP;9;69;P1211;2005;92.04492407;alto;97.52;alto;20;20;old;20;20
P0721;-22.270111;-54.270278;Pt49;fish_Cerrado_MS3;5;41;P0721;2016;92.34692954;alto;88.45437616;alto;31;31;old;31;31
P0722;-22.185083;-54.316972;Pt50;fish_Cerrado_MS3;4;41;P0722;2016;92.34692954;alto;92.38465983;alto;31;31;old;31;31
P0742;-22.487917;-54.351694;Pt73;fish_Cerrado_MS3;5;41;P0742;2016;92.34692954;alto;93.87019231;alto;31;31;old;31;31
P0825;-22.290982;-54.562171;Picada;fish_Cerrado_MS3;8;41;P0825;2016;92.34692954;alto;93.98746573;alto;31;31;old;31;31
P0737;-22.422111;-54.278222;Pt68;fish_Cerrado_MS3;14;41;P0737;2016;92.34692954;alto;94.79914947;alto;31;31;old;31;31
P0889;-22.2894;-54.31873;Afl_R_Dourados;fish_Cerrado_MS3;11;41;P0889;2016;92.34692954;alto;95.31972482;alto;31;31;old;31;31
P0890;-22.28602;-54.17278;Cor_Dez;fish_Cerrado_MS3;11;41;P0890;2016;92.34692954;alto;97.62570211;alto;31;31;old;31;31
P0691;-22.316444;-54.185167;Pt18;fish_Cerrado_MS3;3;41;P0691;2016;92.34692954;alto;99.56455476;alto;31;31;old;31;31
P0753;-22.648778;-54.242361;Pt84;fish_Cerrado_MS3;6;30;P0753;2016;92.49979746;alto;89.52994205;alto;31;31;old;31;31
P0798;-22.581472;-54.328361;G2;fish_Cerrado_MS3;13;30;P0798;2016;92.49979746;alto;97.36624247;alto;31;31;old;31;31
P0799;-22.603417;-54.340778;G3;fish_Cerrado_MS3;14;30;P0799;2016;92.49979746;alto;97.42246438;alto;31;31;old;31;31
P0739;-22.145222;-54.140056;Pt70;fish_Cerrado_MS3;8;44;P0739;2016;93.70910585;alto;91.81497392;alto;31;31;old;31;31
P0738;-22.180389;-54.109972;Pt69;fish_Cerrado_MS3;10;44;P0738;2016;93.70910585;alto;92.41133455;alto;31;31;old;31;31
P0740;-22.170194;-54.136111;Pt71;fish_Cerrado_MS3;10;44;P0740;2016;93.70910585;alto;93.51460222;alto;31;31;old;31;31
P0705;-22.232833;-54.149056;Pt32;fish_Cerrado_MS3;12;44;P0705;2016;93.70910585;alto;96.92329505;alto;31;31;old;31;31
P0903;-22.2453;-54.05251;nasc_iretan;fish_Cerrado_MS3;10;44;P0903;2016;93.70910585;alto;98.55317351;alto;31;31;old;31;31
P0812;-22.095546;-54.552002;LD4;fish_Cerrado_MS3;21;39;P0812;2016;93.93028854;alto;92.59259259;alto;31;31;old;31;31
P0810;-22.198569;-54.690304;LD2;fish_Cerrado_MS3;10;39;P0810;2016;93.93028854;alto;94.95067676;alto;31;31;old;31;31
P0783;-22.129694;-54.579278;Pt114;fish_Cerrado_MS3;21;39;P0783;2016;93.93028854;alto;96.00498505;alto;31;31;old;31;31
P1089;-23.328953;-51.890558;AQU1;Fish_MAtlantica_PR2;17;21;P1089;2008;95.01412953;alto;98.01801802;alto;15;23;old;23;23
P1110;-23.359442;-51.914231;ROS1;Fish_MAtlantica_PR2;9;21;P1110;2008;95.01412953;alto;98.81018262;alto;15;23;old;23;23
P0556;-22.64717;-54.82694;AM11;Fish_Cerrado_MS;3;31;P0556;2000;95.9368264;alto;97.68;alto;15;15;recent;15;15
P0569;-22.73446;-54.71685;AM25;Fish_Cerrado_MS;6;31;P0569;2000;95.9368264;alto;98.42;alto;15;15;recent;15;15
