ID_Point,Latitude,Longitude,Name,Description,Icon,%Deforestation,Acanthodoras_cataphractus,Acaronia_nassa,Acestrorhynchus_falcatus,Aequidens_epae,Aequidens_tetramerus,Ancistrus_sp_bola,Ancistrus_sp_dois_bigodes,Apistogramma_aff_regani,Apistogramma_agassizii,Apistogramma_caetei,Apistogramma_taeniata,Apteronotus_albifrons,Astyanax_cf_bimaculatus,Astyanax_maculisquamis,Bario_steindachneri,Batrochoglanis_raninus,Brachyhypopomus_beebei,Brachyhypopomus_brevirostris,Brachyglanis_microphthalmus,Brachyhypopomus_sp_electropomus,Brachyhypopomus_sp_regani,Brachyhypopomus_sp_royeroi,Bryconops_caudomaculatus,Bryconops_melanurus,Bunocephalus_cf_amaurus,Bunocephalus_coracoideus,Callichthys_callichthys,Characidium_aff_pteroides,Characidium_cf_etheostoma,Charax_leticiae,Cichla_kelberi,Copella_arnoldi,Copella_nigrofasciata,Copella_sp_pyrr_,Corydoras_julii,Corydoras_sp_C24,Crenicichla_aff_lepidota,Crenicichla_aff_menezesi,Creagrutus_ignotus,Crenicichla_inpa,Crenicichla_johanna,Crenuchus_spilurus,Crenicichla_strigata,Curimatopsis_macrolepis,Cyphocharax_gouldingi,Denticetopsis_seducta,Eigenmannia_aff_trilineata,Erythrinus_erythrinus,Farlowella_platorynchus,Farlowella_schreitmuelleri,Gasteropelecus_sternicla,Geophagus_altifrons,Gladioglanis_conquistador,Gymnotus_carapo,Gymnotus_coropinae,Gymnorhamphichthys_petiti,Gymnocorymbus_thayeri,Helogenes_marmoratus,Hemiodontichthys_acipenserinus,Hemigrammus_bellottii,Hemigrammus_guyanensis,Hemigrammus_levis,Hemigrammus_ocellifer,Hemigrammus_rhodostomus,Hemigrammus_rodwayi,Hemigrammus_sp_geisleri,Hemigrammus_sp_prata,Hemigrammus_stictus,Hemigrammus_vorderwinkleri,Heros_notatus,Hoplias_curupira,Hoplias_malabaricus,Hoplerythrinus_unitaeniatus,Hypostomus_cf_cochliodon,Hyphessobrycon_copelandi,Hyphessobrycon_heterorhabdus,Hypopygus_lepturus,Hyphessobrycon_sp_túlio,Hypselecara_temporalis,Iguanodectes_rachovii,Iguanodectes_variatus,Imparfinis_sp_linha_continua,Imparfinis_stictonotus,Ituglanis_amazonicus,Jupiaba_anteroides,Knodus_cf_victoriae,Knodus_savannensis,Knodus_spn_anal_longa,Laetacara_curviceps,Leporinus_friderici,Mastiglanis_asopos,Megalechis_picta,Melanocharacidium_dispilomma,Mesonauta_festivus,Microsternarchus_bilineatus,Microschemobrycon_geisleri,Microcharacidium_weitzmani,Moenkhausia_celibela,Moenkhausia_collettii,Moenkhausia_conspicua,Moenkhausia_comma,Moenkhausia_oligolepis,Moenkhausia_sp_lepidura_curta,Myloplus_rubripinnis,Nannostomus_beckfordi,Nannostomus_eques,Nannostomus_marginatus,Nannostomus_nitidus,Nannacara_taenia,Nannostomus_trifasciatus,Otocinclus_hoppei,Parotocinclus_sp,Parotocinclus_sp_bicudinho,Phenacogaster_cf_pectinatus,Phenacogaster_cf_wayana,Pimelodella_sp_serra_forte,Pimelodella_sp_sem_serra,Poptella_brevispina,Poptella_compressa,Potamorrhaphis_eigenmanni,Pristella_maxillaris,Pyrrhulina_aff_brevis,Pyrrhulina_zigzag,Rhamphichthys_marmoratus,Rhamdia_muelleri,Rhamdia_quelen,Rineloricaria_sp_2_madeira_,Rivulus_cf urophthalmus,Rivulus_dibaphus,Satanoperca_jurupari,Serrapinnus_aff_piaba,Serrasalmus_rhombeus,Serrasalmus_sp_robertsoni,Steindachnerina_amazonica,Steatogenys_duidae,Sternopygus_macrurus,Synbranchus_madeirae,Synbranchus_sp_pintado,Tatia_aff_dunni,Tatia_intermedia,Tetranematichthys_wallacei,Tometes_sp,Trachelyopterus_galeatus,Trichomycterus_hasemani
P0049,-2.762703,-47.871188,igarapé1,fish_Amazonia_PA,157,38.59,0,0,0,0,0,0,0,0,2,0,0,0,0,0,0,0,0,0,0,0,0,0,5,2,0,0,0,0,0,0,0,1,0,0,0,0,0,0,0,0,0,0,0,0,0,0,0,0,0,0,0,0,0,0,1,1,0,1,0,203,0,0,6,0,1,0,0,0,0,0,0,0,0,0,0,97,0,0,0,22,0,0,0,0,0,0,0,0,0,0,0,0,0,0,0,0,2,0,2,0,0,0,12,0,0,9,0,0,0,14,0,0,0,0,0,0,0,0,0,0,0,17,0,0,0,0,0,0,0,0,0,0,0,0,0,0,0,0,0,0,0,0,0,0
P0050,-2.747055,-47.855263,igarapé2,fish_Amazonia_PA,157,52.45,0,0,1,0,36,0,0,0,0,0,0,0,0,0,0,0,0,2,0,0,0,0,0,0,0,0,0,0,0,0,0,41,0,0,0,0,0,0,0,0,0,2,0,0,0,0,2,0,0,0,0,0,0,0,0,0,0,0,0,242,0,0,4,0,0,0,0,0,0,0,0,2,0,0,0,217,0,0,0,8,0,0,0,0,6,0,0,0,0,0,0,0,0,0,0,0,1,0,0,0,0,0,0,0,0,0,0,0,0,0,0,0,0,0,0,0,0,0,0,0,0,11,0,0,1,0,0,0,0,0,0,0,0,0,0,0,0,0,0,0,0,0,0,0
P0051,-2.90183,-47.701693,igarapé3,fish_Amazonia_PA,157,27.54,0,0,2,0,0,0,0,0,0,0,0,0,0,0,0,0,0,1,0,0,0,0,0,10,0,0,0,0,0,0,0,0,0,0,0,0,0,7,0,0,0,0,0,0,5,0,29,0,0,0,0,0,0,0,0,2,0,4,0,0,0,0,2,0,0,13,0,0,0,0,0,0,0,0,0,0,2,0,0,16,0,0,0,0,2,0,0,0,0,10,0,0,0,0,1,1,0,0,2,0,0,17,16,0,0,1,0,0,0,3,0,0,0,1,0,1,0,38,0,0,0,0,0,0,0,0,4,0,0,0,0,0,0,0,0,0,0,0,0,0,1,0,0,0
P0052,-2.901718,-47.695643,igarapé4,fish_Amazonia_PA,157,22.57,0,0,0,0,8,0,0,0,1,0,0,0,0,0,0,0,0,7,0,0,4,1,4,2,0,0,0,0,0,0,0,4,0,0,0,0,0,0,0,0,0,1,0,1,28,0,43,0,0,0,0,0,0,1,1,6,0,12,0,0,0,2,21,0,2,9,0,0,0,1,0,1,0,0,0,25,10,0,0,14,0,0,0,2,8,0,0,0,0,2,0,0,0,0,10,0,8,0,0,0,2,6,46,0,0,0,0,0,11,35,0,0,0,3,0,0,0,0,0,0,0,22,0,0,2,0,0,10,0,0,0,0,0,0,0,1,0,0,0,0,0,0,0,0
P0053,-2.912557,-47.679301,igarapé5,fish_Amazonia_PA,157,43.02,0,0,0,0,15,0,0,0,0,0,0,0,0,0,0,0,0,1,0,0,1,0,6,40,0,0,0,0,0,0,0,0,0,0,0,0,0,11,0,0,0,0,0,5,3,0,0,0,0,0,0,3,0,0,0,1,0,0,0,4,0,208,7,64,273,0,0,0,0,0,0,0,0,0,0,0,2,0,0,7,0,0,0,0,0,0,0,0,0,0,0,0,0,0,0,0,1,0,3,0,2,0,1,0,0,0,0,3,0,1,0,0,0,0,0,0,0,0,0,0,0,7,0,0,0,0,0,0,0,2,0,0,0,0,0,0,0,0,0,0,0,0,0,0
P0054,-2.94069,-46.800658,igarapé6,fish_Amazonia_PA,157,32.82,0,0,0,0,0,0,0,0,0,9,0,0,0,0,0,0,0,0,0,0,1,0,1,0,0,0,0,0,0,0,0,0,0,0,0,0,0,1,0,0,0,0,0,0,0,0,0,0,0,0,0,0,0,0,0,0,0,0,0,0,113,0,0,0,13,4,0,0,0,0,0,1,1,0,0,16,0,0,0,0,0,0,0,0,0,0,0,0,0,0,0,0,0,0,0,0,5,0,1,0,3,0,0,0,7,0,0,0,0,0,0,0,0,0,0,0,0,0,0,0,0,2,0,0,0,0,0,3,0,0,0,0,0,0,0,0,0,0,0,0,0,0,2,0
P0055,-3.1294,-46.87297,igarapé7,fish_Amazonia_PA,157,9.81,0,0,0,0,0,2,0,0,0,17,0,0,0,0,0,0,0,0,0,0,0,0,1,1,0,1,0,0,16,0,0,0,0,0,3,0,0,0,0,0,0,0,0,0,1,1,0,0,0,5,0,0,0,0,1,0,0,0,0,0,104,0,0,0,65,0,0,0,0,0,0,1,0,1,0,3,0,0,0,0,0,3,9,1,0,19,0,7,0,1,0,0,0,0,0,1,7,0,8,0,0,12,0,0,0,0,0,0,0,0,0,0,0,2,0,1,0,0,0,1,0,0,0,0,0,1,14,0,0,0,27,0,0,0,0,1,0,0,0,2,0,0,1,0
P0056,-3.200595,-47.625126,igarapé8,fish_Amazonia_PA,157,14.06,0,0,2,0,0,0,0,0,0,0,0,0,0,0,0,0,0,0,0,0,0,0,120,7,0,0,0,0,0,0,0,0,0,0,0,0,0,0,0,0,0,0,0,0,0,0,0,0,0,0,0,0,0,0,0,3,0,0,0,0,0,0,1,0,5,0,0,0,0,0,0,1,0,0,0,3,0,0,0,11,0,0,0,0,0,0,0,0,0,0,0,0,0,0,0,0,0,0,0,0,0,1,0,0,0,0,0,0,0,0,0,0,0,0,0,0,0,0,0,0,0,6,0,0,0,0,3,0,0,0,0,0,0,0,0,0,0,0,0,0,0,0,0,0
P0057,-3.210043,-47.602725,igarapé9,fish_Amazonia_PA,157,3.15,0,0,2,0,2,0,0,5,0,0,0,0,0,0,0,0,0,0,0,0,0,0,0,0,0,0,0,0,1,0,0,0,0,0,0,0,0,0,0,0,0,0,0,0,0,0,0,0,0,0,0,0,0,0,0,4,0,0,0,0,0,0,0,0,0,0,0,0,0,0,0,1,0,0,0,159,0,0,0,9,0,0,0,0,1,0,0,0,0,0,0,0,0,0,0,0,0,0,0,0,5,8,0,0,0,0,0,0,0,0,0,0,0,0,0,0,0,0,0,0,0,23,0,0,0,0,0,0,0,0,0,0,0,0,0,0,0,0,0,0,0,0,0,0
P0058,-3.295341,-47.182912,igarapé10,fish_Amazonia_PA,157,2.11,0,0,1,0,2,0,0,0,0,4,0,0,0,0,0,1,0,0,0,0,0,0,43,21,0,0,0,0,0,1,0,0,0,0,0,0,0,1,0,0,0,0,0,0,0,0,0,0,0,0,0,0,0,0,0,0,0,10,0,0,23,0,0,0,2,0,0,0,0,0,0,0,0,0,0,22,0,0,0,0,0,0,0,0,0,0,0,39,0,0,0,0,0,0,0,0,0,0,0,0,0,13,0,0,0,0,0,0,0,0,0,0,0,0,0,0,0,12,0,0,0,28,0,0,0,0,4,0,0,4,0,1,0,0,0,0,0,0,0,1,0,0,0,0
P0059,-3.334648,-47.179643,igarapé11,fish_Amazonia_PA,157,21.74,0,0,0,0,0,3,0,0,0,1,0,0,1,0,0,0,0,0,0,0,0,0,17,40,0,0,0,0,0,0,1,0,0,0,8,2,0,9,0,0,0,0,0,0,18,0,3,0,0,0,0,0,0,0,0,0,0,0,0,0,2,0,0,0,319,29,0,0,0,0,0,0,0,0,0,0,0,0,0,0,0,0,3,0,0,0,0,17,0,0,0,0,0,0,0,0,0,0,21,0,0,24,0,13,0,0,0,0,0,0,0,0,0,1,1,6,0,0,6,0,50,1,0,0,0,0,5,0,0,0,13,0,0,0,0,0,0,0,0,0,0,0,0,0
P0060,-3.365448,-47.834143,igarapé12,fish_Amazonia_PA,157,17.24,0,0,0,0,5,0,0,6,0,0,0,0,0,0,0,0,0,0,0,0,1,0,50,3,0,0,0,0,4,0,0,0,0,0,0,0,0,5,0,0,0,0,0,0,0,0,7,0,0,0,0,0,0,0,1,0,0,1,0,0,0,0,0,0,74,0,0,0,0,0,0,0,0,0,0,110,0,0,0,36,0,0,0,0,0,0,0,0,0,7,12,0,0,0,0,0,3,0,0,0,19,19,80,0,0,0,0,0,0,5,0,0,0,0,0,0,0,0,0,0,0,10,0,0,0,1,0,0,0,0,0,0,0,0,1,0,0,0,0,0,0,0,0,0
P0061,-3.450293,-47.463749,igarapé13,fish_Amazonia_PA,157,43.42,0,0,1,0,2,1,0,0,0,3,0,0,4,0,0,0,0,0,0,0,0,0,11,33,0,0,0,0,3,1,0,0,0,0,0,0,0,3,0,0,0,0,0,0,1,0,0,0,0,0,1,0,0,1,0,0,4,0,0,0,1,0,0,0,128,2,0,0,0,0,0,0,0,0,1,0,1,0,0,0,0,0,0,0,0,0,0,5,0,4,0,0,0,0,0,0,0,0,40,0,0,14,0,0,2,0,0,0,0,0,0,0,0,0,0,2,0,0,0,0,0,0,0,0,0,0,14,1,0,2,40,1,0,0,0,2,0,0,0,0,0,0,3,0
P0062,-3.462548,-47.450333,igarapé14,fish_Amazonia_PA,157,27.15,0,0,1,0,0,0,0,0,0,12,0,0,1,0,0,0,0,0,0,0,1,0,0,10,0,0,0,0,0,0,0,0,0,0,0,0,0,1,0,0,0,0,0,0,0,0,164,0,0,0,0,0,0,0,0,0,0,3,0,0,9,0,0,0,84,0,0,0,0,0,0,0,0,0,0,282,0,0,0,0,0,0,0,0,0,0,0,0,0,0,0,0,0,0,0,0,6,0,177,0,0,2,0,0,32,0,0,0,0,0,0,0,0,0,0,2,0,0,0,0,0,14,0,0,0,0,3,1,0,0,0,0,0,0,0,0,0,0,0,0,0,0,0,0
P0063,-3.462256,-47.427053,igarapé15,fish_Amazonia_PA,157,8.13,0,0,0,0,0,0,0,0,0,13,0,0,0,0,0,0,1,0,0,0,2,0,2,0,0,0,3,0,9,0,0,0,0,0,0,0,0,3,0,0,0,0,0,0,0,0,1,0,0,0,0,0,0,0,0,0,0,0,0,0,0,0,0,0,1,0,0,0,0,0,0,2,0,0,0,15,0,0,0,0,0,0,0,0,0,0,0,0,0,0,0,1,0,0,0,0,0,0,114,0,0,1,0,0,1,0,0,0,0,0,0,0,0,0,0,48,0,0,0,0,0,15,0,0,0,2,5,7,0,0,0,0,0,0,0,0,0,0,0,0,0,0,0,0
P0064,-2.588643,-46.957875,igarapé16,fish_Amazonia_PA,157,16.04,0,0,0,0,2,1,0,0,0,9,0,0,0,0,0,0,0,0,0,0,3,0,0,0,0,0,1,0,0,0,0,0,0,0,0,0,0,13,0,0,0,0,0,0,0,0,8,0,0,0,0,0,0,0,0,0,0,0,0,0,11,0,0,0,100,0,0,0,0,0,0,1,0,0,0,10,1,0,0,0,0,0,0,1,0,0,0,0,0,0,0,0,0,0,0,0,25,0,99,0,0,0,0,0,50,0,0,0,0,0,0,0,0,2,0,0,5,0,0,0,0,0,0,0,0,0,4,0,0,0,3,0,0,0,0,10,3,0,0,0,0,0,0,0
P0065,-2.59756,-46.967824,igarapé17,fish_Amazonia_PA,157,32.82,0,0,1,0,28,5,0,0,0,16,0,0,0,0,0,0,0,0,0,0,4,0,27,42,0,0,0,0,0,0,0,0,0,0,0,0,0,13,0,0,0,0,0,0,0,0,9,0,0,3,2,0,0,1,0,0,0,0,0,0,2,0,0,0,269,11,0,0,0,0,0,0,0,0,0,6,0,0,0,0,0,0,1,3,0,0,0,0,0,0,0,0,0,0,0,0,79,0,99,0,5,7,0,0,8,0,0,0,0,0,0,0,0,0,0,1,0,1,0,0,0,12,0,0,0,0,7,0,0,0,0,0,0,0,0,0,0,0,0,1,0,0,1,0
P0066,-3.737259,-48.511228,igarapé18,fish_Amazonia_PA,157,0,0,0,0,0,11,0,0,13,0,0,0,0,0,0,0,0,0,1,0,0,2,3,0,0,0,0,1,0,4,0,0,0,0,0,0,0,0,4,0,0,0,0,0,0,0,0,2,8,0,0,0,0,0,3,10,3,0,5,0,0,0,0,3,0,0,0,0,0,0,0,0,3,3,0,0,159,0,0,0,6,0,0,0,4,0,0,0,0,0,0,0,5,0,0,0,0,0,0,0,0,0,0,0,0,0,0,0,0,0,0,0,0,0,0,0,0,0,0,0,0,0,79,0,0,1,1,0,1,0,0,0,0,0,0,0,0,0,0,0,0,0,0,0,0
P0067,-3.782833,-48.51207,igarapé19,fish_Amazonia_PA,157,0,0,0,0,0,4,0,0,9,0,0,0,0,0,0,5,0,0,0,0,0,0,0,0,0,0,0,2,0,0,0,0,0,0,0,0,0,0,0,0,0,0,0,0,0,0,0,1,3,0,0,0,0,0,0,5,0,0,4,0,0,0,0,0,0,0,0,0,0,0,0,0,2,0,0,0,343,0,0,0,0,0,0,0,0,0,0,0,0,0,0,0,0,0,0,0,0,0,0,0,0,5,0,0,0,0,0,0,0,0,0,0,0,0,0,0,0,1,0,0,0,0,14,0,0,5,0,0,1,0,0,0,0,0,0,0,0,0,0,0,0,0,0,0,0
P0068,-3.120638,-47.46232,igarapé21,fish_Amazonia_PA,157,35.78,0,0,1,0,11,0,0,0,0,84,0,0,11,0,0,0,0,0,0,0,0,0,0,0,0,0,1,0,0,43,0,0,0,0,0,0,0,6,0,0,0,0,0,20,24,0,102,0,0,0,0,0,0,2,0,0,29,0,0,0,0,0,5,0,526,0,0,0,0,0,0,4,0,0,0,0,0,0,0,0,0,0,0,0,0,0,0,0,0,5,0,1,0,0,0,0,0,0,0,0,0,8,0,0,133,0,0,0,0,0,0,0,0,0,0,19,0,0,0,0,13,4,0,0,0,2,0,5,0,0,127,0,0,201,0,0,0,0,0,0,0,0,0,0
P0069,-3.176014,-47.324089,igarapé22,fish_Amazonia_PA,157,24.11,0,0,0,0,0,0,0,0,0,4,0,0,0,0,0,0,0,0,0,0,0,0,4,17,0,0,0,0,0,0,0,0,0,0,0,0,0,0,0,0,0,0,0,0,0,0,0,0,0,0,0,0,0,0,0,0,0,0,0,0,0,0,0,0,24,0,0,0,0,0,0,1,0,0,0,6,0,0,0,0,0,0,0,0,0,0,0,0,0,0,0,0,0,0,0,0,0,0,0,0,0,15,0,0,3,0,0,0,0,0,0,0,0,0,0,0,0,0,0,0,0,2,0,0,0,0,0,0,0,0,0,0,0,0,0,0,0,0,0,0,0,0,0,0
P0070,-3.716832,-48.134219,igarapé23,fish_Amazonia_PA,157,3.17,0,0,0,0,1,0,0,6,0,0,0,0,0,0,0,0,0,0,0,0,0,0,10,0,0,0,0,0,1,0,0,0,0,0,0,0,0,2,0,0,0,0,0,0,0,1,0,3,0,0,0,0,0,0,2,8,0,4,0,0,0,0,0,0,0,0,0,0,0,0,0,1,1,0,0,14,0,0,0,60,0,0,0,0,0,0,0,0,0,0,0,0,0,0,0,0,1,0,0,0,0,0,0,0,0,0,0,0,0,0,0,0,0,0,0,1,0,0,0,0,0,29,0,0,0,1,0,0,0,0,0,0,0,0,0,0,0,0,1,0,0,0,0,0
P0071,-3.757758,-48.116052,igarapé24,fish_Amazonia_PA,157,67.71,0,0,2,0,2,0,0,1,0,0,0,0,0,0,0,0,0,0,0,0,0,0,19,0,0,1,0,0,8,0,0,0,0,0,0,0,0,3,0,0,0,0,0,0,0,0,0,0,0,0,0,0,0,0,0,3,0,1,0,0,0,0,2,0,7,0,0,0,0,0,0,0,0,0,0,6,0,0,0,0,0,0,0,0,0,0,0,0,0,0,0,0,0,0,0,0,0,0,12,0,0,22,5,0,0,0,0,0,0,0,0,0,0,4,0,0,2,0,0,0,0,5,0,0,0,1,1,0,0,0,0,0,0,0,0,0,0,0,0,0,0,0,0,0
P0072,-3.775184,-48.10423,igarapé25,fish_Amazonia_PA,157,32.53,0,0,0,0,4,0,0,1,0,0,0,0,0,0,0,0,0,0,0,0,0,0,1,0,0,1,0,0,55,0,0,0,0,0,0,0,0,1,0,0,0,0,0,1,0,0,0,0,0,0,0,0,0,0,0,0,0,1,0,71,0,0,46,0,13,0,57,0,0,0,0,2,0,0,0,5,0,0,0,3,0,0,0,3,0,0,0,0,0,0,1,0,0,0,0,0,5,0,0,0,0,31,5,0,0,0,0,0,0,0,0,0,0,0,0,0,3,0,0,0,0,4,0,0,0,0,0,0,0,0,0,0,0,0,0,0,0,0,0,0,0,0,0,0
P0073,-3.298034,-47.129477,igarapé26,fish_Amazonia_PA,157,7.69,0,0,0,0,0,0,0,0,0,0,0,0,0,0,0,0,0,0,0,1,0,0,86,0,0,0,0,0,1,0,0,0,0,0,0,2,0,0,0,0,0,0,0,0,0,0,0,0,0,1,0,0,0,0,0,0,0,0,0,0,14,0,0,0,0,80,0,0,0,0,0,0,1,0,0,0,0,0,0,0,0,0,6,0,0,0,0,45,0,0,0,0,0,0,0,6,0,0,2,0,0,5,0,0,0,0,0,0,0,0,0,0,0,0,0,2,0,0,0,0,0,0,0,0,0,0,3,0,0,0,0,0,0,0,0,0,0,0,0,0,0,0,0,0
P0074,-3.386411,-47.123829,igarapé27,fish_Amazonia_PA,157,55.88,0,0,0,0,1,1,0,0,0,5,0,0,5,0,0,0,0,0,0,0,0,0,0,0,0,0,0,0,1,1,0,0,0,0,0,1,0,4,0,0,0,0,0,0,0,0,12,0,0,1,0,0,0,0,0,0,0,0,0,0,7,0,0,0,256,6,0,0,0,0,0,1,0,0,0,3,0,0,0,0,0,0,21,0,0,0,0,41,0,1,0,0,0,0,0,0,0,0,2,0,0,32,0,0,0,0,0,0,0,0,0,0,0,1,0,1,0,0,0,0,0,1,0,1,0,0,9,0,0,0,106,0,0,0,0,3,0,0,0,0,0,0,1,0
P0075,-3.497027,-47.07467,igarapé28,fish_Amazonia_PA,157,65.82,0,0,3,0,0,0,0,0,0,24,0,0,0,0,0,0,0,0,0,0,4,0,0,8,0,0,0,0,0,0,0,0,0,0,0,0,0,2,0,0,0,0,0,0,0,0,0,0,0,0,0,0,0,0,1,0,0,1,0,0,15,0,0,0,1,0,0,0,0,0,0,1,0,0,0,3,0,0,0,0,0,0,3,0,0,0,0,29,0,1,0,0,0,0,0,0,4,0,2,0,1,10,0,0,0,0,0,0,0,0,0,0,0,0,0,1,0,1,0,0,0,8,0,0,1,0,3,0,0,0,0,0,0,0,0,0,0,0,0,0,0,0,0,0
P0076,-3.398079,-47.777941,igarapé29,fish_Amazonia_PA,157,39.91,0,0,0,0,0,0,0,0,0,0,0,0,1,0,0,0,0,0,0,0,0,0,45,2,0,0,0,0,0,0,0,0,0,0,0,0,0,0,0,0,0,0,0,0,0,0,0,0,0,0,0,0,0,0,0,0,0,0,0,0,0,0,0,0,0,0,0,0,0,0,0,0,0,0,0,27,0,0,0,9,0,0,0,0,0,0,0,0,0,0,0,0,0,0,0,0,0,0,0,0,0,0,0,0,0,0,0,0,0,0,0,0,0,0,0,0,0,0,0,0,0,1,0,0,0,0,0,0,0,0,0,0,0,0,0,0,0,0,0,0,0,0,0,0
P0077,-3.366245,-47.870424,igarapé30,fish_Amazonia_PA,157,17.96,0,0,2,0,1,0,0,5,0,0,0,0,0,0,0,0,0,0,0,0,0,0,7,5,0,0,0,0,0,0,0,0,0,0,0,0,0,0,0,0,0,0,0,0,0,0,0,0,0,0,0,0,0,0,0,0,0,1,0,0,0,0,0,0,0,0,0,0,0,0,0,0,0,0,0,89,0,0,0,16,0,0,0,0,0,0,0,0,0,0,0,0,0,0,0,0,0,0,0,0,0,4,6,0,0,0,0,0,0,17,0,0,0,0,0,0,0,0,0,0,0,6,0,0,0,0,0,0,0,0,0,0,0,0,0,0,0,0,0,0,0,0,0,0
P0078,-2.665558,-47.086375,igarapé31,fish_Amazonia_PA,157,4.54,0,0,1,0,0,0,0,0,0,4,0,0,0,0,0,0,0,0,0,0,0,0,62,0,0,0,0,0,4,0,0,0,0,0,0,0,0,0,0,0,0,0,0,0,0,0,0,0,0,0,0,0,0,0,1,0,0,2,0,0,20,0,3,0,44,0,0,0,0,0,0,0,0,0,0,117,0,0,0,0,0,0,0,8,0,0,0,0,0,0,0,0,0,0,0,0,12,0,135,0,1,2,0,0,0,0,0,0,0,0,0,0,0,0,0,6,0,0,0,0,0,9,0,0,0,0,0,0,0,0,0,0,0,0,0,0,1,0,1,0,0,0,0,0
P0079,-3.193333,-47.541055,igarapé32,fish_Amazonia_PA,157,18.52,0,0,0,0,1,0,0,0,0,0,0,0,0,0,0,0,0,0,0,0,0,0,11,1,0,0,0,0,0,0,0,0,0,0,0,0,0,3,0,0,0,0,0,5,0,0,0,0,0,0,0,0,0,0,0,0,0,2,0,0,0,0,9,0,51,0,0,0,0,0,0,0,0,0,0,0,3,0,0,33,0,0,0,0,0,0,0,0,0,0,0,1,0,0,0,0,3,0,15,0,0,10,0,0,0,0,0,3,0,1,0,0,0,0,0,0,0,0,0,0,0,4,0,0,0,0,1,0,0,1,0,0,0,0,0,0,0,0,0,0,0,0,0,0
P0080,-3.19263,-47.529274,igarapé33,fish_Amazonia_PA,157,14.81,0,0,0,0,2,0,0,2,0,0,0,0,0,0,0,0,0,0,0,0,0,0,0,0,0,0,0,0,0,0,0,21,0,0,0,0,0,0,0,0,0,0,0,0,0,0,0,1,0,0,0,0,0,0,0,0,0,0,0,0,0,0,0,0,0,0,0,0,0,0,0,0,0,0,0,175,0,0,0,2,0,0,0,0,0,0,0,0,0,0,0,0,0,0,0,0,0,0,0,0,0,0,0,0,0,0,0,0,0,0,0,0,0,0,0,0,0,0,0,0,0,7,0,0,0,0,0,2,0,0,0,0,0,0,0,0,0,0,0,0,0,0,0,0
P0081,-3.253212,-48.059634,igarapé34,fish_Amazonia_PA,157,5.08,1,0,0,0,0,0,0,0,1,0,0,0,0,0,0,0,0,0,0,0,0,0,0,0,0,0,0,0,0,0,0,12,0,0,0,0,0,1,0,0,0,0,0,0,0,0,5,0,0,0,0,0,0,2,2,0,0,0,0,1,0,0,6,0,1,0,0,0,0,0,0,0,1,0,0,2,0,0,0,0,0,0,0,0,0,0,0,0,0,0,0,1,0,0,0,0,0,0,0,0,0,0,0,0,0,0,0,0,0,0,0,0,0,0,0,0,8,0,0,0,0,2,0,0,1,0,0,11,0,0,0,0,0,0,0,0,0,1,0,0,0,0,0,0
P0082,-3.290455,-48.029239,igarapé35,fish_Amazonia_PA,157,0.45,0,0,0,0,0,0,0,1,0,0,0,0,0,0,1,0,0,0,0,0,0,0,0,0,0,0,0,0,5,0,0,0,0,0,0,0,0,1,0,0,0,0,0,0,0,0,0,0,0,0,0,0,0,0,0,2,0,1,0,0,0,0,12,0,0,0,0,0,0,0,0,0,0,0,0,11,2,0,0,5,0,0,0,1,0,0,0,0,0,0,1,0,0,0,0,0,0,0,22,0,0,0,0,0,0,0,0,0,0,0,0,0,0,0,0,0,6,0,0,0,0,1,0,0,0,1,0,1,0,0,0,0,0,0,1,0,0,0,0,0,0,0,0,0
P0083,-3.006881,-47.079855,igarapé36,fish_Amazonia_PA,157,53.25,6,0,0,0,4,0,0,0,0,22,0,0,1,0,0,0,0,0,0,0,4,0,0,0,0,0,0,0,2,0,0,0,0,0,7,0,0,6,0,0,0,0,0,0,3,0,27,0,0,0,0,0,0,4,10,0,0,0,0,0,1,0,20,0,211,2,0,0,0,0,0,2,0,0,2,0,34,0,0,0,0,0,5,22,0,0,0,0,0,1,0,0,0,0,0,4,36,0,40,0,0,13,0,0,94,0,0,0,0,0,0,0,0,3,0,76,0,0,0,0,6,0,0,0,0,1,26,1,0,1,180,0,0,0,0,2,1,0,0,0,0,0,0,0
P0084,-2.954856,-46.746688,igarapé37,fish_Amazonia_PA,157,15.78,0,0,2,0,7,18,0,0,0,19,0,0,1,0,0,2,0,0,0,0,0,0,17,14,2,0,0,0,53,0,0,0,0,0,8,3,0,9,0,0,0,0,0,0,1,0,3,0,0,8,10,0,0,0,1,0,0,0,0,0,15,0,0,0,87,128,0,0,0,0,0,4,0,0,3,1,3,0,0,0,0,11,13,15,0,13,0,0,0,0,0,0,0,0,0,0,12,0,30,0,0,17,0,0,51,0,0,0,0,0,3,0,0,17,0,3,0,3,0,0,0,0,0,0,0,0,47,5,0,0,11,0,0,1,0,0,3,0,0,0,0,0,3,0
P0085,-2.912152,-46.941523,igarapé38,fish_Amazonia_PA,157,76.16,0,0,0,0,4,0,0,0,0,5,0,0,9,0,0,0,0,0,0,0,0,0,0,0,0,0,0,0,1,0,0,0,0,0,0,0,0,0,0,0,0,0,0,0,0,0,0,0,0,0,0,0,0,1,0,0,0,0,0,0,50,0,0,0,50,0,0,0,0,0,0,2,0,0,0,2,0,0,0,0,0,0,0,2,0,17,0,0,0,0,0,0,0,0,0,0,0,0,0,0,0,76,0,0,7,0,0,0,0,0,0,0,0,0,0,2,0,0,0,0,0,0,0,0,1,0,1,10,0,0,30,0,0,7,0,0,1,0,0,0,0,0,0,0
P0086,-3.021663,-46.949053,igarapé39,fish_Amazonia_PA,157,24.43,0,0,5,0,5,5,0,0,0,43,0,0,3,0,0,5,0,0,0,0,0,0,0,60,0,0,0,0,84,0,0,0,0,0,0,0,0,19,0,0,0,0,0,0,0,0,10,0,0,16,0,5,0,12,0,0,0,0,1,0,1,0,0,0,465,311,0,0,0,0,0,3,0,0,0,0,2,0,0,0,0,5,3,5,0,65,0,0,0,0,0,0,0,0,0,2,1,0,37,0,0,8,0,0,37,0,0,0,0,0,0,0,0,4,0,8,0,1,0,0,0,1,0,0,0,0,28,0,0,14,109,1,0,5,0,11,0,0,0,0,0,0,4,0
P0087,-3.086545,-46.969354,igarapé40,fish_Amazonia_PA,157,0.31,0,0,0,0,11,0,0,0,0,16,0,0,0,0,0,0,0,0,0,0,0,0,0,0,0,0,3,0,0,0,0,0,0,0,0,0,0,0,0,0,0,0,0,0,0,0,0,3,0,0,0,0,0,0,8,0,0,9,0,0,0,0,0,0,0,0,0,0,0,0,0,0,0,0,0,13,0,0,0,0,0,0,0,0,0,18,0,0,0,0,0,0,0,0,0,0,0,0,0,0,0,2,0,0,0,0,0,0,0,0,0,0,0,0,0,2,0,0,0,0,0,11,0,0,0,0,0,6,0,0,0,0,0,0,0,0,9,0,0,0,0,0,0,0
P0088,-3.192067,-47.017891,igarapé41,fish_Amazonia_PA,157,0,0,0,0,0,16,0,0,0,0,6,0,0,9,0,0,0,0,0,0,0,0,0,0,25,0,0,0,0,0,0,0,0,0,0,0,0,0,2,0,0,0,0,0,0,0,0,3,5,0,0,0,0,0,0,1,0,0,6,0,0,0,0,0,0,0,0,0,0,0,0,0,0,0,0,0,124,0,0,0,0,0,0,0,0,0,0,0,0,0,0,0,0,0,0,0,0,2,0,0,0,0,2,0,0,0,0,0,0,0,0,0,0,0,0,0,0,0,0,0,0,0,34,0,0,0,0,0,3,0,0,0,0,0,0,0,0,0,0,0,0,0,0,2,0
P0089,-3.282473,-47.584629,igarapé42,fish_Amazonia_PA,157,13.84,1,0,1,0,13,0,0,16,2,0,0,0,0,0,0,1,0,4,0,0,0,1,1,18,0,0,0,0,3,0,0,14,0,0,0,0,0,20,0,0,0,0,0,7,1,0,0,0,0,0,0,0,0,0,2,5,0,9,0,0,0,0,28,0,0,0,0,0,0,1,1,0,0,0,0,15,4,0,0,24,0,0,0,20,1,0,0,0,0,2,0,1,0,0,0,0,8,0,94,0,4,4,0,0,2,1,0,0,3,31,0,0,0,2,0,5,0,0,0,1,0,10,0,0,0,2,3,13,0,3,0,0,0,0,0,0,0,0,0,0,0,0,0,1
P0090,-2.757348,-47.790534,igarapé43,fish_Amazonia_PA,157,54.79,0,0,0,0,9,0,0,0,0,0,0,0,0,0,0,0,0,1,0,0,1,0,38,30,0,0,0,0,0,0,0,0,0,0,0,0,0,25,0,0,0,0,0,3,0,0,10,0,0,0,0,3,0,0,0,3,0,4,0,0,0,56,15,5,120,0,1,0,0,0,0,5,0,0,0,14,6,0,0,11,0,0,0,2,0,0,0,0,0,0,0,1,0,0,0,0,2,0,16,0,1,3,36,0,0,0,0,50,0,0,0,0,0,10,0,0,0,0,0,0,0,1,0,0,2,0,0,0,0,1,0,0,0,0,0,0,0,0,0,0,0,0,0,0
P0091,-3.28516,-47.516689,igarapé44,fish_Amazonia_PA,157,45.83,0,0,0,0,15,0,0,0,0,0,0,0,0,0,0,0,0,1,0,0,1,0,3,26,0,0,0,0,0,0,0,1,0,0,0,0,0,10,0,0,0,0,0,2,1,0,17,0,0,0,0,3,0,7,0,0,0,0,0,8,0,0,46,0,4,0,0,0,0,0,0,2,1,0,0,0,3,0,0,1,0,0,0,0,0,0,0,0,0,0,0,3,0,0,2,0,6,0,149,0,0,0,0,0,0,0,0,3,1,2,0,0,0,0,0,0,4,0,0,0,0,13,0,0,0,8,14,10,0,1,0,0,0,1,0,0,0,0,0,0,0,0,0,1
P0092,-3.008048,-47.158294,igarapé45,fish_Amazonia_PA,157,19.21,0,0,0,0,2,0,0,0,0,0,0,0,3,0,0,0,0,0,0,0,0,0,21,11,0,0,0,0,0,0,0,0,0,0,0,0,0,2,0,0,0,0,0,0,0,0,0,0,0,0,0,0,0,0,0,0,0,0,0,0,1,0,0,0,8,0,0,0,0,0,0,0,0,0,0,75,0,0,0,0,0,0,0,1,0,0,0,0,0,0,0,0,0,0,0,0,1,0,4,0,1,4,0,0,13,0,0,0,0,0,0,0,0,0,0,1,0,0,0,0,0,3,0,0,0,0,0,1,0,0,0,0,0,0,0,0,0,0,0,0,0,0,0,0
P0093,-3.669697,-48.514682,igarapé46,fish_Amazonia_PA,157,0,0,0,0,0,1,0,0,27,0,0,0,0,0,0,0,0,0,0,0,0,1,1,0,0,0,0,0,0,1,0,0,0,0,0,0,0,0,3,0,0,0,0,0,0,0,0,1,0,0,0,0,0,0,0,4,11,0,7,0,0,0,0,0,0,0,0,0,0,0,0,0,1,0,0,0,7,0,0,0,39,0,0,0,0,1,0,0,0,0,1,1,0,0,0,0,0,0,0,0,0,0,0,0,0,0,0,0,0,0,0,0,0,0,0,0,1,0,0,0,0,0,6,0,0,0,0,0,3,0,0,0,0,0,0,1,0,0,0,0,0,0,0,0,0
P0094,-3.734168,-48.423867,igarapé47,fish_Amazonia_PA,157,0,0,0,0,0,0,0,0,6,0,0,0,0,0,0,0,0,0,0,0,0,0,0,0,2,1,0,0,0,2,0,0,0,0,0,0,0,0,2,0,0,0,0,0,0,0,0,0,0,4,0,0,0,0,0,2,20,0,7,0,0,0,0,0,0,0,0,0,0,0,0,0,1,0,0,0,15,0,0,0,77,0,0,0,3,0,1,0,0,0,1,5,0,3,0,0,0,0,0,0,0,0,0,11,0,0,0,0,0,0,0,0,0,0,1,0,0,0,0,0,0,0,8,0,0,0,0,0,3,0,0,0,0,0,0,1,0,0,0,0,0,0,0,0,0
P0095,-3.731994,-48.284658,igarapé48,fish_Amazonia_PA,157,0.59,0,0,0,0,1,0,0,40,0,0,0,0,0,0,1,0,0,0,0,0,0,0,0,0,0,0,1,0,0,0,0,1,0,0,0,0,0,3,0,0,0,0,0,0,0,0,0,9,0,0,0,0,0,0,8,0,0,12,0,0,0,0,0,0,0,0,0,0,0,0,0,0,0,0,0,299,0,0,0,1,0,0,0,2,1,0,0,0,0,0,0,0,0,0,0,0,0,0,0,0,5,2,0,0,0,0,0,0,0,0,0,0,0,0,0,0,1,0,0,0,0,24,0,0,0,0,0,0,0,0,0,0,0,0,0,0,0,0,0,0,0,0,0,0
P0096,-3.084704,-47.117616,igarapé49,fish_Amazonia_PA,157,18.16,0,0,0,0,1,0,0,0,0,22,0,0,0,0,0,0,0,0,0,0,6,0,0,0,0,0,1,0,1,0,0,0,0,0,0,0,0,11,0,0,0,0,0,0,0,0,7,0,0,0,0,0,0,9,4,0,0,14,0,0,103,0,0,0,191,0,0,0,0,0,0,2,0,0,0,21,3,0,0,0,0,0,0,48,0,0,0,0,0,0,0,0,0,0,0,0,48,0,7,0,0,7,0,0,18,0,0,0,0,0,0,0,0,0,0,66,0,0,0,0,0,7,0,0,0,0,5,3,0,0,0,0,0,0,0,0,1,0,0,0,0,0,0,0
P0097,-3.539783,-48.820705,igarapé50,fish_Amazonia_PA,157,0.58,0,0,0,0,3,0,0,5,11,0,0,0,0,0,1,0,0,5,0,0,3,1,0,0,0,0,0,0,0,0,0,25,0,0,0,0,0,1,0,0,0,2,0,1,0,0,1,2,0,0,0,0,5,0,3,4,0,4,0,1,0,0,0,0,0,0,0,0,0,0,0,0,0,0,0,276,0,0,0,6,0,0,0,0,6,0,0,0,0,0,0,0,0,0,2,0,4,0,0,0,0,0,0,0,0,0,0,0,5,8,0,0,0,0,0,0,1,0,0,0,0,20,0,0,0,0,0,1,0,0,0,0,0,0,0,0,2,0,0,0,1,0,0,0
P0098,-3.068438,-47.118609,igarapé51,fish_Amazonia_PA,157,10.08,0,0,0,0,1,0,0,0,0,14,0,0,0,0,0,0,1,0,0,0,1,0,10,0,0,0,0,0,0,0,0,20,0,0,0,0,0,0,0,0,0,0,0,0,0,0,2,0,0,0,0,0,0,0,6,0,0,4,0,0,47,0,0,0,0,0,0,0,0,0,0,0,0,0,0,98,1,0,0,0,0,0,0,6,0,0,0,0,0,0,0,0,0,0,0,0,2,0,16,0,0,2,0,0,0,0,0,0,0,0,0,0,0,0,0,10,0,0,0,0,0,10,0,0,0,0,0,1,0,0,0,0,0,0,0,0,1,0,0,0,0,0,0,0
P0099,-2.689134,-54.499384,igarapé52,fish_Amazonia_PA,157,98.15,0,0,0,0,0,0,0,0,0,0,0,0,0,0,0,0,0,0,0,0,0,0,0,0,0,0,0,0,0,0,0,0,0,0,0,0,0,0,0,2,0,0,0,0,0,0,0,3,0,0,0,0,0,0,1,0,0,3,0,0,0,0,0,0,0,0,0,0,0,0,0,2,0,0,0,10,0,0,0,0,0,0,0,0,0,0,0,0,0,0,0,0,0,0,0,0,0,0,0,0,0,0,0,0,0,0,0,0,0,0,0,0,0,0,0,0,0,0,0,0,0,0,0,0,0,0,0,0,12,0,0,0,0,0,0,0,0,0,0,0,0,0,0,0
P0100,-2.730634,-54.492662,igarapé53,fish_Amazonia_PA,157,26.99,0,0,0,0,0,0,2,0,0,0,0,0,0,0,0,0,0,0,0,0,0,0,0,0,0,0,0,0,0,0,0,0,0,0,0,0,0,0,22,0,0,0,0,0,0,0,0,1,0,0,0,0,0,0,0,0,0,0,0,0,0,0,0,0,0,0,0,0,0,0,0,0,0,0,0,1,0,0,0,0,0,0,0,0,0,0,0,0,0,0,0,0,0,0,0,0,0,0,0,0,0,0,0,0,0,0,0,0,0,0,0,0,0,0,0,0,0,0,0,0,0,0,0,0,0,0,0,0,0,0,0,0,0,0,0,0,0,0,0,0,0,0,0,0
P0101,-2.734218,-54.594107,igarapé54,fish_Amazonia_PA,157,49.07,0,0,0,17,0,0,0,0,0,0,1,1,0,0,0,0,0,1,0,0,0,0,0,22,0,0,0,0,0,0,0,0,0,0,0,0,0,2,0,0,0,0,0,5,0,0,0,0,0,0,0,0,0,0,0,0,0,0,0,0,0,0,6,0,0,0,0,0,0,0,0,0,0,0,0,74,0,249,0,0,0,0,0,0,0,0,0,0,0,0,0,0,0,0,0,0,0,0,0,126,1,0,0,0,0,0,0,0,0,0,0,0,0,0,0,0,0,0,0,0,0,0,0,0,1,0,0,4,0,0,0,0,0,0,0,2,0,1,0,0,0,0,0,0
P0102,-2.737495,-54.832469,igarapé55,fish_Amazonia_PA,157,39.01,2,0,0,0,21,0,0,0,0,0,6,0,0,0,0,0,0,2,0,0,0,0,0,0,0,0,0,0,0,0,0,0,0,0,0,0,0,13,0,0,0,0,0,0,0,0,2,0,0,0,0,0,0,1,8,0,0,0,0,0,0,0,0,0,0,0,0,0,0,0,0,3,1,0,0,15,17,11,0,0,0,0,0,0,0,0,0,0,0,0,0,0,0,0,0,0,0,0,0,155,0,0,0,0,0,0,51,0,0,0,0,0,0,0,0,0,0,0,0,0,0,0,0,0,0,0,0,0,0,0,0,0,0,0,0,0,1,0,0,0,0,0,0,0
P0103,-2.836301,-54.465884,igarapé56,fish_Amazonia_PA,157,22.3,0,0,0,0,0,0,0,0,0,0,0,0,0,0,0,0,0,0,0,0,0,0,0,0,0,0,0,0,0,0,0,0,0,0,0,0,0,0,0,0,0,0,0,0,0,0,0,0,0,0,0,0,0,0,0,0,0,0,0,0,0,0,0,0,0,0,0,0,0,0,0,1,0,0,0,0,0,0,0,0,0,0,0,0,0,0,153,0,0,0,0,0,0,0,0,0,0,0,0,0,0,0,0,0,0,0,0,0,0,0,0,0,0,0,0,0,0,0,0,0,0,0,0,0,0,0,0,0,1,0,0,0,0,0,0,0,0,0,0,0,0,0,0,0
P0104,-2.82119,-54.456773,igarapé57,fish_Amazonia_PA,157,18.45,0,0,0,0,0,0,0,0,0,0,4,0,0,0,0,0,0,0,0,0,0,0,0,2,0,0,0,0,0,0,0,0,0,0,0,0,0,0,0,0,0,0,0,0,0,0,0,0,0,0,0,0,0,0,0,1,0,0,0,0,0,0,0,0,0,0,0,0,0,0,1,0,0,0,0,0,0,1,0,0,0,0,0,0,0,0,0,0,0,0,0,0,0,0,0,0,0,0,0,0,0,0,0,0,0,0,13,0,0,0,0,0,0,0,0,0,0,0,0,0,0,0,0,0,0,0,0,0,0,0,0,0,0,0,0,0,1,0,0,0,0,0,0,0
P0105,-2.845551,-54.993387,igarapé58,fish_Amazonia_PA,157,0,0,0,0,4,0,0,0,0,0,0,0,0,0,0,0,0,0,0,0,0,0,0,0,0,0,0,0,0,0,0,0,0,0,0,0,0,0,0,0,0,0,0,0,0,0,0,0,0,0,0,0,0,0,0,0,0,0,1,0,0,0,0,0,0,0,0,0,0,0,0,0,0,0,0,0,0,0,0,0,0,6,0,0,0,0,0,0,0,0,0,0,0,0,0,0,0,0,0,0,0,0,0,0,0,0,0,0,0,0,0,0,0,0,0,0,0,0,0,0,0,0,0,0,0,0,0,0,0,11,0,0,0,0,0,0,0,0,0,0,0,0,0,0,0
P0106,-2.845829,-55.007498,igarapé59,fish_Amazonia_PA,157,0,0,0,0,6,0,0,0,0,0,0,0,0,0,0,0,0,0,0,0,0,0,0,0,0,0,0,0,0,0,0,0,0,0,0,0,0,0,0,0,0,0,0,0,0,0,0,0,0,0,0,0,0,0,0,0,0,0,3,0,0,0,0,0,0,0,0,0,0,1,0,0,0,0,0,0,0,0,0,0,0,96,0,0,0,0,0,0,0,0,0,0,0,0,0,0,0,0,0,0,0,0,0,0,0,0,0,0,0,0,0,0,0,0,0,0,0,0,0,0,0,0,0,0,0,0,0,0,0,12,0,0,0,0,0,0,0,1,0,0,0,0,0,0,0
P0107,-2.841301,-55.006581,igarapé60,fish_Amazonia_PA,157,0.41,0,0,0,4,0,0,0,0,0,0,0,0,0,0,0,0,0,0,0,0,0,0,0,0,0,0,0,0,0,0,0,0,3,0,0,0,0,0,0,0,0,0,0,0,0,0,0,0,0,0,0,0,0,0,0,0,0,1,0,0,0,0,0,0,0,0,0,0,3,0,0,0,0,0,0,0,0,0,0,0,83,0,0,0,0,0,0,0,0,0,0,0,0,0,0,0,0,0,0,0,0,0,0,0,0,0,0,0,0,0,0,0,0,0,0,0,0,0,0,0,0,0,0,0,0,0,0,0,21,0,0,0,0,0,0,0,0,0,0,0,0,0,0,0
P0108,-2.874302,-54.830025,igarapé61,fish_Amazonia_PA,157,24.1,0,0,0,0,1,0,0,0,0,0,4,0,0,0,0,0,0,0,0,0,0,0,0,0,0,0,0,0,0,0,0,0,0,0,0,0,1,1,0,0,0,0,0,0,0,2,2,1,0,0,0,0,0,0,1,4,0,1,0,0,0,0,3,0,0,0,0,0,0,0,0,1,0,0,0,9,4,25,0,0,0,0,0,0,0,0,0,0,0,0,0,0,0,0,0,0,0,0,0,40,2,0,0,0,0,0,13,0,0,0,0,0,0,0,0,0,0,0,0,0,0,0,0,0,0,0,0,3,0,0,0,0,0,0,0,0,2,0,0,0,0,0,0,0
P0109,-2.859468,-54.790886,igarapé62,fish_Amazonia_PA,157,40.5,0,0,0,0,0,0,0,0,0,0,1,0,0,0,0,0,0,0,0,0,0,0,0,0,0,0,0,6,0,0,0,0,0,0,0,0,0,0,0,0,0,0,0,0,0,1,0,0,0,0,0,0,0,0,1,0,0,0,0,0,0,0,1,0,0,0,0,0,0,0,0,0,0,0,0,45,0,178,0,0,0,0,0,0,0,0,0,0,0,0,0,0,0,0,0,0,0,0,0,10,0,0,0,0,0,0,16,0,0,0,0,0,2,0,0,0,0,0,0,0,0,0,0,0,0,0,0,0,0,0,0,0,0,0,0,0,0,0,0,0,0,0,0,0
P0110,-2.944135,-54.739108,igarapé63,fish_Amazonia_PA,157,1.64,0,0,0,1,0,0,0,0,0,0,0,0,0,0,0,0,0,0,0,0,0,0,0,0,0,0,0,0,0,0,0,0,0,0,0,0,1,9,0,0,0,0,0,0,0,0,0,1,0,0,0,0,0,0,1,0,0,5,0,0,0,0,0,0,0,0,0,0,0,0,0,0,0,0,0,0,1,0,0,0,0,0,0,0,0,0,206,0,0,0,0,0,0,0,0,0,0,0,0,0,1,0,0,0,0,0,0,0,0,0,0,0,0,0,0,0,0,0,0,0,0,0,0,0,0,0,0,0,0,0,0,0,0,0,0,0,0,0,0,0,0,0,0,0
P0111,-2.996719,-54.880581,igarapé64,fish_Amazonia_PA,157,4.08,0,0,0,0,0,0,0,0,0,0,0,0,0,0,0,0,0,0,0,0,0,0,0,0,0,0,0,0,0,0,0,0,0,0,0,0,0,0,0,0,0,0,0,0,0,0,0,0,0,0,0,0,0,0,0,0,0,0,0,0,0,1,0,0,0,0,0,0,0,0,0,1,0,0,0,3,0,0,0,0,0,0,0,0,0,0,0,0,0,0,0,0,0,0,0,0,0,0,0,3,0,0,0,0,0,0,7,0,0,0,0,0,0,0,0,0,0,0,0,0,0,0,0,0,0,1,0,0,0,0,0,0,0,0,0,0,0,0,0,0,0,0,0,0
P0112,-3.039774,-54.91472,igarapé65,fish_Amazonia_PA,157,9.25,0,0,0,0,1,0,0,0,0,0,0,0,0,0,0,0,0,0,0,0,0,0,0,0,0,0,0,0,0,0,0,0,0,0,0,0,0,3,0,0,0,0,0,0,0,0,0,1,0,0,0,0,0,0,0,0,0,0,0,0,0,0,0,0,0,0,0,0,0,0,0,2,0,0,0,38,0,11,0,0,0,0,0,0,0,0,59,0,0,0,0,0,0,0,0,0,0,0,0,2,0,0,0,0,0,0,6,0,0,0,0,0,0,0,0,0,0,0,0,0,0,0,0,0,0,0,0,1,0,0,0,0,0,0,0,0,3,0,0,0,0,0,0,0
P0113,-3.02558,-54.882136,igarapé66,fish_Amazonia_PA,157,64.13,0,0,0,0,3,0,0,0,0,0,0,0,0,0,0,0,0,0,0,0,0,0,0,32,0,0,0,0,0,0,0,0,0,0,0,0,0,0,0,0,0,0,0,1,0,0,0,0,0,0,0,0,0,0,0,3,0,0,0,0,0,0,5,0,0,0,0,0,0,0,0,0,0,0,0,39,0,19,0,0,0,0,0,0,0,0,0,0,0,0,0,0,0,0,0,0,0,0,0,19,0,0,0,0,0,0,49,0,0,0,0,0,0,0,0,0,0,0,0,0,0,0,0,0,0,0,0,2,0,1,0,0,0,0,0,0,0,0,0,0,0,0,0,0
P0114,-3.042469,-55.020832,igarapé67,fish_Amazonia_PA,157,0.16,0,0,0,0,5,0,0,0,0,0,22,0,0,0,0,0,0,0,0,0,0,0,0,0,3,0,0,0,0,0,0,0,0,0,0,0,0,4,0,0,0,0,0,0,0,0,0,2,0,0,0,0,0,0,8,0,0,2,0,0,0,0,25,0,0,0,0,0,0,0,0,0,0,0,0,1,5,16,0,0,0,0,0,3,0,0,0,0,0,0,0,0,0,0,0,0,0,0,0,14,1,0,0,0,0,0,0,0,0,0,0,0,0,0,0,0,0,0,0,0,0,0,0,0,0,0,0,0,0,0,0,0,0,0,0,0,0,0,0,0,0,0,0,0
P0115,-3.051775,-54.970248,igarapé68,fish_Amazonia_PA,157,0.19,0,0,0,0,7,0,0,0,0,0,11,0,0,0,0,1,0,0,0,0,0,0,0,2,0,0,0,2,0,0,0,0,0,0,0,0,0,23,0,0,1,0,0,0,0,7,0,2,0,0,0,0,0,0,19,2,0,4,0,0,0,0,0,0,0,0,0,0,0,0,0,2,0,0,0,4,3,0,0,0,0,0,0,0,0,0,0,0,0,0,0,0,0,0,0,0,0,0,0,11,3,0,0,0,0,0,3,0,0,0,0,0,0,0,0,0,0,0,0,0,0,0,0,0,0,0,0,2,0,0,0,0,0,0,0,1,0,0,0,0,0,0,0,0
P0116,-3.142942,-54.830192,igarapé69,fish_Amazonia_PA,157,0,0,0,0,3,0,0,0,0,0,0,0,0,0,0,0,0,0,0,0,0,0,0,0,0,0,0,0,0,0,0,0,0,0,0,0,0,0,0,0,0,0,0,0,0,0,0,0,0,0,0,0,0,0,0,0,0,0,0,0,0,0,0,0,0,0,0,0,0,0,0,0,0,0,0,0,0,0,1,0,0,0,0,0,0,0,0,32,0,0,0,0,0,0,0,0,0,0,0,0,3,0,0,0,0,0,0,0,0,0,0,0,0,0,0,0,0,0,0,0,0,0,0,0,0,0,0,0,0,0,0,0,0,0,0,0,0,0,0,0,0,0,0,0,0
P0117,-3.161775,-54.838747,igarapé70,fish_Amazonia_PA,157,0.89,0,0,0,0,2,0,0,0,0,0,0,0,0,0,0,0,0,0,0,0,0,0,0,0,0,0,0,0,0,0,0,0,0,0,0,0,0,0,0,0,0,0,0,0,0,0,0,2,0,0,0,0,0,0,0,1,0,1,0,0,0,0,0,0,0,0,0,0,0,0,0,1,0,0,0,0,0,11,0,0,0,0,0,0,0,0,28,0,0,0,0,0,0,0,0,0,0,0,0,18,1,0,0,0,0,0,0,0,0,0,0,0,0,0,0,0,0,0,0,0,0,0,0,0,0,0,0,0,0,0,0,0,0,0,0,0,0,0,0,0,0,0,0,0
P0118,-3.293359,-54.879609,igarapé71,fish_Amazonia_PA,157,25,0,0,0,7,0,0,0,0,0,0,0,0,0,0,0,0,0,0,0,0,0,0,0,0,0,0,0,0,0,0,0,0,0,0,0,0,0,0,0,0,0,0,0,0,0,0,0,3,0,0,0,0,0,1,2,0,0,0,0,0,0,0,0,0,0,0,0,0,0,0,0,0,0,0,0,0,0,0,0,0,0,0,0,0,0,0,0,0,0,0,0,0,0,0,0,0,0,0,0,13,0,0,0,0,0,0,0,0,0,0,0,0,0,0,0,0,0,0,0,0,0,0,0,0,1,0,0,0,0,0,0,0,0,0,0,0,0,0,0,0,0,0,0,0
P0119,-3.259748,-54.884025,igarapé72,fish_Amazonia_PA,157,34.67,0,0,0,1,0,0,0,0,0,0,0,0,0,0,0,0,0,0,0,0,0,0,0,0,0,0,0,0,0,0,0,0,0,0,0,0,0,1,0,0,0,0,0,0,0,0,0,0,0,0,0,0,0,0,0,0,0,0,0,0,0,0,0,0,0,0,0,0,0,0,0,2,0,0,0,0,0,0,0,0,0,0,0,0,0,0,20,0,0,0,0,0,5,0,0,0,0,0,0,7,0,0,0,0,0,0,0,0,0,0,0,0,0,0,0,0,0,0,0,0,0,0,0,0,0,0,0,0,0,0,0,0,0,0,0,0,0,0,0,0,0,0,0,0
P0120,-3.263803,-54.900581,igarapé73,fish_Amazonia_PA,157,21.92,0,0,0,0,12,0,0,0,0,0,0,0,0,0,0,0,0,0,0,0,0,0,0,0,0,0,0,0,0,0,0,0,0,0,0,0,0,0,0,0,0,0,0,0,0,0,0,0,0,0,0,0,0,0,0,0,0,0,0,0,0,0,0,0,0,0,0,0,0,0,2,2,0,0,0,0,0,0,0,0,0,0,0,0,0,0,56,0,0,0,0,0,4,0,0,0,0,0,0,9,0,0,0,0,0,0,0,0,0,0,0,0,0,0,0,0,0,0,0,0,0,0,0,0,0,0,0,0,0,0,0,0,0,0,0,0,0,0,0,0,0,0,0,0
P0121,-3.297803,-54.964443,igarapé74,fish_Amazonia_PA,157,0,0,0,0,12,0,0,0,0,0,0,0,0,0,0,0,0,0,0,0,0,0,0,0,0,0,0,0,0,0,0,0,0,0,0,0,0,0,0,0,0,0,0,0,0,0,0,0,6,0,0,0,0,0,0,1,0,0,1,0,0,0,0,0,0,0,0,0,0,0,0,0,0,0,0,0,0,0,0,0,0,0,0,0,0,0,0,0,0,0,0,0,0,0,0,0,0,0,0,0,5,0,0,0,0,0,0,0,0,0,0,0,0,0,0,0,0,0,0,0,0,0,0,0,0,0,0,0,2,0,0,0,0,0,0,0,0,0,0,0,0,0,0,0,0
P0122,-3.49186,-54.871581,igarapé75,fish_Amazonia_PA,157,11.21,0,0,1,1,0,0,0,0,0,0,0,0,0,0,0,0,0,0,0,0,0,0,8,0,0,0,0,0,0,0,0,0,0,0,0,0,0,0,0,0,0,0,0,0,0,0,0,0,0,0,0,0,0,0,0,7,0,0,0,0,0,0,1,0,0,0,0,0,0,0,0,0,0,0,0,0,0,7,0,0,0,0,0,0,0,0,60,0,0,0,4,0,0,0,0,0,0,0,0,6,1,0,0,0,0,0,0,0,0,0,0,0,0,0,0,0,0,0,0,0,0,0,0,0,0,0,0,0,0,0,0,0,0,0,0,0,0,0,0,0,0,0,0,0
P0123,-3.429915,-54.825247,igarapé76,fish_Amazonia_PA,157,10.02,0,0,1,4,0,0,0,0,0,0,0,0,0,0,0,0,0,0,2,0,0,0,0,0,0,0,0,5,0,0,0,0,0,0,0,0,0,1,0,0,0,0,0,0,0,1,1,1,0,0,0,0,0,1,5,1,0,1,0,0,0,0,0,0,0,0,0,0,0,0,1,1,0,0,0,0,9,8,0,0,0,0,0,0,0,0,6,0,0,0,0,0,0,0,0,0,0,0,0,12,0,0,0,0,0,0,0,0,0,0,0,0,0,0,0,0,0,0,0,0,0,0,0,0,1,0,0,0,0,0,0,0,0,0,0,0,1,0,0,0,0,0,0,0
P0124,-3.465332,-54.790525,igarapé77,fish_Amazonia_PA,157,25.25,0,0,0,7,0,0,0,0,0,0,0,0,0,0,0,0,0,0,0,0,0,0,0,24,0,0,0,0,0,0,0,0,0,0,0,0,0,0,0,0,0,0,1,0,0,1,0,0,0,0,0,0,0,0,0,6,0,0,0,0,0,0,4,0,0,0,0,0,0,0,0,2,0,0,0,0,0,19,0,0,0,0,0,0,0,0,58,0,0,0,0,0,0,0,0,0,0,0,0,4,2,0,0,0,0,0,0,0,0,0,0,0,1,0,0,0,0,0,0,0,0,0,0,0,0,0,0,0,0,0,0,0,0,0,0,0,0,0,0,0,0,0,0,0
P0125,-2.627578,-54.504829,igarapé78,fish_Amazonia_PA,157,30.8,0,0,0,0,1,0,0,0,0,0,0,0,0,0,0,0,0,0,0,0,0,0,0,0,0,0,0,0,0,0,0,0,0,0,0,0,0,0,0,0,0,0,0,12,0,0,3,0,0,0,0,0,0,0,0,0,0,0,0,0,0,0,60,0,0,0,0,0,0,0,0,2,0,0,0,214,0,23,0,0,0,0,0,0,0,0,0,0,0,0,0,0,0,0,0,0,0,0,0,304,0,0,0,0,0,0,0,0,0,0,0,0,0,0,0,0,0,0,0,0,0,0,0,0,0,0,0,0,0,0,0,0,0,0,0,0,0,0,0,0,0,0,0,0
P0126,-3.379526,-54.805997,igarapé79,fish_Amazonia_PA,157,48.77,0,0,0,4,0,0,0,0,0,0,0,0,0,0,0,0,0,0,0,0,0,0,0,0,0,0,0,0,0,0,0,0,0,0,0,0,0,1,0,0,0,0,0,0,0,0,0,0,0,0,0,0,0,0,0,0,0,0,0,0,0,0,2,0,0,0,0,0,0,0,2,0,0,0,0,0,0,0,0,0,0,0,0,0,0,0,0,0,0,0,0,0,0,0,0,0,0,0,0,7,0,0,0,0,0,0,0,0,0,0,0,0,0,0,0,0,0,0,0,0,0,0,0,0,0,0,0,1,0,0,0,0,0,0,0,0,0,1,0,0,0,0,0,0
P0127,-2.784551,-54.689802,igarapé80,fish_Amazonia_PA,157,14.17,0,0,0,0,1,0,0,0,0,0,17,0,0,0,0,0,0,0,0,0,0,0,6,18,0,0,0,0,0,0,0,0,0,0,0,0,0,0,0,0,0,0,0,0,0,0,0,0,0,0,0,0,0,0,0,2,0,2,0,0,0,0,0,0,0,0,0,0,0,0,0,0,0,0,0,0,0,166,0,0,0,0,0,0,0,0,3,0,0,0,0,0,0,0,0,0,0,0,0,51,1,0,0,0,0,0,14,0,0,0,0,0,0,0,0,0,0,0,0,0,0,0,0,0,0,0,0,1,0,0,0,0,0,0,0,0,0,0,0,0,0,0,0,0
P0128,-2.570161,-54.777858,igarapé81,fish_Amazonia_PA,157,47.84,0,0,0,7,0,0,0,0,0,0,0,0,0,0,0,0,0,0,0,0,0,0,0,0,0,0,0,0,0,0,0,0,5,0,0,0,0,0,0,0,0,0,0,0,0,0,0,0,0,0,0,0,0,0,0,0,0,9,0,0,0,0,0,0,0,0,0,0,0,0,0,0,0,0,0,1,0,0,0,0,0,0,0,0,0,0,0,0,0,0,0,0,0,0,0,0,0,0,0,0,0,0,0,0,0,0,2,0,0,0,0,0,0,0,0,0,0,0,0,0,0,0,0,0,0,0,0,0,111,0,0,0,0,0,0,0,0,0,0,0,0,0,0,0
P0129,-2.620689,-54.447773,igarapé82,fish_Amazonia_PA,157,8.96,0,0,0,0,0,0,0,0,0,0,13,0,0,0,0,0,0,0,0,0,0,0,0,0,0,0,0,0,0,0,0,0,1,10,0,0,0,0,0,0,0,1,0,0,0,0,0,1,0,0,0,0,0,0,22,0,0,67,0,0,0,0,0,0,0,0,0,0,0,0,2,0,0,0,0,0,0,0,0,0,0,0,0,0,0,0,0,0,0,0,0,0,0,0,0,0,0,0,0,0,0,0,0,0,0,0,0,0,0,0,0,0,0,0,0,0,0,0,0,0,0,0,0,0,0,0,0,0,164,0,0,0,0,0,0,0,0,0,0,0,0,0,0,0
P0130,-2.741745,-54.432662,igarapé83,fish_Amazonia_PA,157,34.58,0,0,0,0,0,0,0,0,0,0,3,0,0,0,0,0,0,0,0,0,0,0,0,0,0,0,0,0,0,0,0,0,0,1,0,0,0,0,0,3,0,0,0,0,0,0,0,2,0,0,0,0,0,0,11,0,0,6,0,0,0,0,0,0,0,0,0,0,0,0,0,0,0,0,0,2,0,0,0,0,0,0,0,0,0,0,0,0,0,0,0,0,0,0,0,0,0,0,0,0,0,0,0,0,0,0,0,0,0,0,0,0,0,0,0,0,0,0,0,0,0,0,0,0,0,0,0,0,2,0,0,0,0,0,0,0,0,1,0,0,0,0,0,0
P0131,-2.771801,-54.537857,igarapé84,fish_Amazonia_PA,157,34.6,0,0,0,0,0,0,0,0,0,0,36,0,0,0,0,0,0,0,1,0,0,0,0,1,1,0,0,0,0,0,0,0,0,0,0,0,0,0,0,0,0,11,0,0,0,1,0,0,0,0,0,0,0,0,1,8,0,1,0,0,0,0,2,0,0,0,0,0,0,0,0,0,0,0,0,0,13,10,0,0,0,0,0,0,0,0,132,0,0,0,0,0,0,0,0,0,0,0,0,10,1,0,0,0,0,0,18,0,0,0,0,0,10,0,0,0,0,0,0,0,0,0,0,0,0,0,0,0,0,0,0,0,0,0,0,0,1,0,0,0,0,0,0,0
P0132,-3.185608,-54.971637,igarapé85,fish_Amazonia_PA,157,19.45,0,0,0,0,54,0,0,0,0,0,92,0,0,0,0,0,0,0,0,0,0,0,0,1,0,0,0,0,0,0,0,0,0,0,0,0,0,9,0,0,0,0,0,9,0,0,0,0,0,0,0,0,0,2,2,0,0,1,0,0,0,0,111,0,0,0,0,0,0,0,0,6,0,0,0,72,2,39,4,0,0,0,0,0,0,0,95,0,0,0,0,0,0,0,0,0,0,0,0,93,1,0,0,0,0,0,0,0,0,0,0,0,0,0,0,0,0,0,0,0,0,0,0,0,0,0,0,0,0,0,0,0,0,0,0,0,0,0,0,0,0,0,0,0
P0133,-2.827496,-54.42194,igarapé86,fish_Amazonia_PA,157,26.17,0,0,0,0,2,0,0,0,0,0,0,0,0,0,0,0,0,0,0,0,0,0,0,0,0,0,0,0,0,0,0,0,29,0,0,0,0,0,0,0,0,0,0,0,0,0,0,4,0,0,0,0,0,0,0,0,0,1,0,0,0,0,0,0,0,0,0,0,0,0,0,1,0,0,0,2,0,0,0,0,0,0,0,0,0,0,0,0,0,0,0,0,0,0,0,0,0,0,0,22,2,0,0,0,0,0,12,0,0,0,0,0,0,0,0,0,0,0,0,0,0,0,0,0,0,0,0,0,19,0,0,0,0,0,0,0,0,0,0,0,0,0,0,0
P0134,-2.592606,-54.504773,igarapé87,fish_Amazonia_PA,157,28.61,0,0,0,0,0,0,0,0,0,0,0,0,0,23,0,0,0,0,0,0,0,0,0,0,0,0,0,0,0,0,0,0,0,0,0,0,0,1,0,0,0,0,0,0,0,0,0,1,0,0,0,0,0,0,0,0,0,0,0,0,0,0,0,0,0,0,0,1,0,0,0,1,0,0,0,34,0,0,0,0,0,0,0,0,0,0,0,0,0,0,0,0,0,0,0,0,0,0,0,0,0,0,0,0,0,0,0,0,0,0,0,0,0,0,0,0,0,0,0,0,0,0,2,0,0,0,0,0,0,0,0,0,0,0,0,0,0,0,0,0,0,0,0,0
P0135,-2.880829,-54.464662,igarapé88,fish_Amazonia_PA,157,9.03,0,0,0,0,1,0,0,0,0,0,0,0,0,0,0,0,0,0,0,0,0,0,0,8,0,0,0,0,0,0,0,0,0,0,0,0,0,0,0,0,0,0,0,1,0,0,0,1,0,0,0,0,0,0,0,1,0,0,0,0,0,0,9,0,0,0,0,0,0,0,0,0,0,0,0,0,0,49,0,0,0,0,0,0,0,0,0,0,0,0,0,0,0,0,0,0,0,0,0,1,5,0,0,0,0,0,1,0,0,0,0,0,0,0,0,0,0,0,0,0,0,0,0,0,0,0,0,0,0,1,0,0,0,0,0,0,0,0,0,0,0,0,0,0
P0136,-3.028025,-54.73158,igarapé89,fish_Amazonia_PA,157,24.73,0,1,0,0,0,0,0,0,0,0,8,0,0,0,0,0,0,1,0,0,0,0,32,11,0,0,0,0,0,0,0,0,0,0,0,0,0,2,0,0,0,0,0,0,1,5,0,0,0,0,0,0,0,0,0,1,0,0,0,0,0,0,0,0,0,0,0,0,0,0,3,1,0,0,0,1,0,15,0,0,0,0,0,0,0,0,0,0,0,0,0,0,0,1,0,0,0,0,0,1,0,0,0,2,0,0,22,0,0,0,0,2,6,0,0,0,0,0,0,0,0,0,0,0,0,0,0,0,0,11,0,0,0,0,0,0,0,0,0,0,0,0,0,0
P0137,-3.175192,-54.784858,igarapé90,fish_Amazonia_PA,157,15.74,0,0,0,0,2,0,0,0,0,0,0,0,0,0,0,0,0,0,0,0,0,0,91,78,0,0,0,0,0,0,0,0,0,0,0,0,0,1,0,0,0,0,0,5,1,0,0,0,0,0,0,0,0,1,0,12,0,0,0,0,0,0,0,0,0,0,0,0,0,0,1,0,0,0,0,0,0,16,1,0,0,0,0,0,0,0,17,0,0,0,7,0,0,0,0,0,0,9,0,22,0,0,0,0,0,0,0,0,0,0,0,0,0,0,0,0,0,0,0,0,0,0,0,0,0,1,0,0,0,0,0,0,2,0,0,0,0,0,0,0,0,3,0,0
P0138,-3.184217,-60.810777,igarapé91,fish_Amazonia_PA,157,0,0,0,0,2,0,0,0,0,0,0,21,0,0,0,0,0,0,0,0,0,0,0,0,0,0,0,0,0,0,0,0,0,0,0,0,0,0,0,0,0,0,0,0,0,0,0,0,2,0,0,0,0,0,0,20,0,0,6,0,0,0,0,35,0,0,0,0,0,0,0,0,2,0,0,0,0,0,12,0,0,0,0,0,0,0,0,0,0,0,0,0,0,0,0,0,0,0,0,0,6,0,0,0,0,0,0,4,0,0,0,0,0,0,0,0,0,0,0,0,0,0,0,0,0,0,0,0,2,0,0,0,0,0,0,0,0,6,0,0,0,0,0,0,0
P0139,-3.187997,-54.984387,igarapé92,fish_Amazonia_PA,157,15.05,0,0,0,0,3,0,0,0,0,0,0,0,0,0,0,0,0,0,0,0,0,0,77,12,0,0,0,5,0,0,0,0,0,0,0,0,0,2,0,0,0,0,0,0,0,0,0,0,0,0,0,0,0,0,0,2,0,0,0,0,0,0,9,0,0,0,0,0,0,0,3,1,0,0,0,2,0,297,0,0,0,0,0,0,0,0,1,0,0,0,0,0,0,0,0,0,0,0,0,190,1,0,0,1,0,0,0,0,0,0,0,0,0,0,0,0,0,0,0,0,0,0,0,0,0,0,0,0,0,0,0,0,0,0,0,0,0,0,0,0,0,0,0,0
P0140,-3.117136,-55.065526,igarapé93,fish_Amazonia_PA,157,25.26,0,0,1,9,0,0,0,0,0,0,0,0,0,0,0,0,0,0,0,0,0,0,45,0,0,0,0,0,0,0,0,0,13,0,0,0,0,0,0,0,0,1,0,0,0,0,0,0,0,0,0,0,0,0,2,5,0,3,0,0,0,0,0,0,0,0,0,0,0,0,0,0,0,0,0,0,0,0,0,0,14,0,0,0,0,0,0,0,0,0,0,0,0,0,0,0,0,0,0,0,0,0,0,0,0,0,0,0,0,0,0,0,0,0,0,0,0,0,0,0,0,0,0,0,0,0,0,6,0,0,0,0,0,0,0,0,1,0,0,0,0,0,0,0
P0141,-3.12358,-55.068471,igarapé94,fish_Amazonia_PA,157,16.24,0,0,0,2,0,0,0,0,0,0,0,0,0,0,0,0,0,0,0,0,0,0,12,0,0,0,0,0,0,0,0,0,39,0,0,0,0,0,0,0,0,0,0,0,0,0,0,0,0,0,0,0,0,0,0,3,0,1,0,0,0,0,0,0,0,0,0,0,0,0,0,0,0,0,0,0,0,0,0,0,47,0,0,0,0,0,0,0,0,0,0,0,0,0,0,0,0,0,0,0,0,0,0,0,0,0,0,0,0,0,0,0,0,0,0,0,0,0,0,0,0,0,0,0,0,0,0,1,0,0,0,0,0,0,0,0,0,0,0,0,0,0,0,0
