ID_Point,Latitude,Longitude,Name,Description,Icon,%Deforestation,Acestrorhynchus_lacustris,Apareiodon_piracicabae,Aspidoras_fuscoguttatus,Astyanax_altiparanae,Astyanax_fasciatus,Astyanax_paranensis,Astyanax_bockmanni,Bryconamericus_stramineus,Callichthys_callichthys,Cetopsorhamdia_iheringi,Characidium_gomesi,Characidium_lagossantense,Characidium_zebra,Cichlasoma_paranaense ,Corydoras_aeneus,Crenicichla_britskii,Cyphocharax_modestus,Cyphocharax_vanderi,Eigenmannia_virescens,Erythrinus_erythrinus,Geophagus_brasiliensis,Gymnotus_sylvius,Gymnotus_inaequilabiatus,Hemigrammus_marginatus,Hisonotus_francirochai,Hoplosternum_littorale,Hoplias_malabaricus,Hypostomus_ancistroides,Hyphessobrycon_anisitsi ,Hyphessobrycon_eques,Hypostomus_nigromaculatus,Imparfinis_schubarti,Knodus_moenkhausii,Laetacara_aff_araguaiae,Leporinus_friderici,Leporinus_lacustris ,Leporinus_paranensis,Lepthoplosternum_pectorale,Leporinus_striatus,Moenkhausia_sanctaefilomenae,Oligosarcus_pintoi,Oreochromis_niloticus,Pamphorichthys_hollandi,Parodon_nasus,Phalloceros_harpagos,Phenacorhamdia_tenebrosa,Piabina_argentea,Pimelodella_avanhandavae ,Planaltina_britskii ,Poecilia_reticulata ,Prochilodus_lineatus ,Pseudopimelodus_pulcher,Pyrrhulina_australis ,Rhamdia_quelen,Rivulus_pictus,Satanoperca_pappaterra,Serrapinnus_heterodon,Serrapinnus_notomelas,Serrasalmus_maculatus,Serrasalmus_marginatus,Steindachnerina_insculpta,Synbranchus_marmoratus,Tilapia_rendalli 
P1186,-20.822333,-49.563056,001IBISJD,Fish_MAtlantica_SP,170,75.78,0,0,3,11,0,0,0,0,1,0,0,0,0,0,21,4,0,12,0,0,0,6,0,1,0,0,1,11,0,0,0,2,0,0,0,0,0,0,0,0,4,0,0,0,0,0,12,0,0,0,0,0,0,0,0,0,0,6,0,0,0,0,0
P1187,-20.779167,-49.581167,002IBISJD,Fish_MAtlantica_SP,170,90.59,0,0,35,24,0,0,0,0,0,0,0,0,1,6,11,0,0,9,0,0,17,27,0,0,0,0,1,23,0,0,0,0,0,0,0,0,0,0,0,0,4,0,0,31,0,0,0,0,0,198,0,0,0,0,0,0,0,0,0,0,0,0,0
P1188,-20.714722,-49.71,003IBISJD,Fish_MAtlantica_SP,170,84.33,0,0,1,25,0,0,0,0,0,0,0,0,0,0,4,0,0,28,0,0,0,0,0,0,0,0,4,11,0,0,0,0,0,0,0,0,0,0,0,0,69,0,0,0,0,0,0,0,0,2,0,0,0,1,0,0,0,0,0,0,0,0,0
P1189,-20.608111,-49.711639,004IBISJD,Fish_MAtlantica_SP,170,56.99,0,0,0,25,7,0,0,0,0,0,0,0,0,0,0,0,0,30,0,0,0,0,0,0,0,0,2,0,0,0,0,0,0,0,0,0,0,0,0,0,6,0,0,0,0,0,0,0,0,1,0,0,0,0,0,0,0,0,0,0,0,0,0
P1190,-20.717361,-49.811528,005IBISJD,Fish_MAtlantica_SP,170,50.1,0,0,0,7,10,0,0,0,0,0,0,0,0,0,0,0,0,0,0,0,0,0,0,0,0,0,0,6,0,0,0,0,0,0,0,0,0,0,0,0,1,0,0,0,0,0,0,0,0,2,0,0,0,5,0,0,0,0,0,0,0,0,0
P1191,-20.687917,-49.884917,006IBISJD,Fish_MAtlantica_SP,170,58.1,0,0,0,47,14,0,0,0,0,0,0,0,4,0,0,0,0,1,0,0,0,1,0,0,0,0,0,5,0,0,0,0,0,0,0,0,0,0,0,0,4,0,0,0,0,0,7,0,1,2,0,0,0,0,0,0,0,0,0,0,0,0,0
P1192,-20.625444,-49.892611,007IBISJD,Fish_MAtlantica_SP,170,60.09,0,0,7,58,0,0,0,0,0,0,0,0,4,4,0,4,0,0,0,0,0,1,0,0,0,0,1,0,0,0,0,0,0,0,0,0,0,0,0,0,0,0,0,0,0,0,0,3,0,1,0,0,0,2,0,0,0,17,0,0,0,0,0
P1193,-20.612889,-49.96825,008IBISJD,Fish_MAtlantica_SP,170,83.02,0,0,0,12,0,0,0,0,1,0,0,0,0,0,2,1,0,0,0,0,0,8,0,1,0,0,1,21,0,0,0,32,0,0,0,0,1,0,0,14,1,0,0,0,0,0,0,0,0,0,0,0,0,1,0,0,0,0,0,0,0,0,0
P1194,-20.542056,-49.935306,009IBISJD,Fish_MAtlantica_SP,170,78.51,0,0,1,4,0,0,0,0,0,0,0,0,0,1,0,0,0,0,0,0,0,0,0,15,0,0,1,0,0,0,0,0,0,0,0,0,0,0,0,2,1,0,0,0,0,0,0,0,0,0,0,0,0,0,0,0,0,1,0,0,0,0,0
P1195,-20.674278,-50.021083,010IBISJD,Fish_MAtlantica_SP,170,95.26,0,0,0,44,0,0,2,0,0,0,0,0,0,1,1,0,0,17,0,0,0,0,0,0,0,0,4,1,0,0,1,2,0,0,0,0,0,0,0,0,20,0,0,0,0,0,21,0,0,8,0,0,0,2,0,0,0,0,0,0,0,0,0
P1196,-20.631472,-50.0215,011IBISJD,Fish_MAtlantica_SP,170,83.9,1,0,0,42,2,0,0,0,0,0,0,0,0,0,6,1,0,0,0,0,0,0,0,0,0,0,1,2,0,0,8,2,0,0,0,0,0,0,0,2,0,0,0,0,0,0,2,10,2,0,0,0,0,4,0,0,0,0,0,1,13,0,0
P1197,-20.637889,-50.15275,012IBISJD,Fish_MAtlantica_SP,170,86.08,0,0,5,1,0,0,0,0,0,0,0,0,0,0,0,0,0,0,0,0,0,0,0,0,0,0,0,0,0,0,0,0,0,0,0,0,0,0,0,0,1,1,0,0,0,0,0,0,0,1,0,0,0,0,0,0,0,0,0,0,0,0,0
P1198,-20.597583,-50.281722,013IBISJD,Fish_MAtlantica_SP,170,89.78,0,0,0,8,0,0,0,0,0,0,0,0,2,1,14,3,8,0,9,0,0,0,0,0,0,0,0,25,0,0,0,7,0,0,0,0,0,0,0,5,18,0,0,0,0,0,15,0,0,6,0,0,0,2,0,0,0,16,0,0,2,0,0
P1199,-20.475722,-49.886972,014IBISJD,Fish_MAtlantica_SP,170,53.7,0,0,23,11,0,0,0,0,0,0,0,0,1,0,0,0,0,1,0,0,0,0,0,0,0,0,0,1,0,0,0,0,0,0,0,0,0,0,0,0,8,0,0,0,0,0,0,0,0,66,0,0,0,1,0,0,0,0,0,0,0,0,0
P1200,-20.458917,-50.242583,015IBISJD,Fish_MAtlantica_SP,170,100,0,0,17,100,0,0,0,0,0,0,0,0,0,0,0,0,0,0,0,0,0,0,0,0,0,0,0,0,0,0,0,0,0,0,0,0,0,0,0,0,1,0,0,0,0,0,0,0,0,0,0,0,0,0,0,0,0,1,0,0,0,0,0
P1201,-20.444222,-50.263278,016IBISJD,Fish_MAtlantica_SP,170,91.93,0,0,1,80,9,0,0,0,0,2,0,0,22,1,0,0,0,0,0,0,0,0,0,0,0,0,1,6,0,0,56,0,9,0,0,0,0,0,0,0,5,0,0,9,0,0,33,0,0,0,0,0,0,1,0,0,0,1,0,0,3,0,0
P1202,-20.329417,-50.284417,017IBISJD,Fish_MAtlantica_SP,170,88.91,0,0,7,22,21,0,0,0,0,0,0,0,0,0,1,0,0,2,0,0,0,0,0,0,0,0,3,1,0,0,0,0,0,0,0,0,0,0,0,0,19,0,0,0,0,0,0,0,0,5,0,0,0,1,0,0,0,0,0,0,0,0,0
P1203,-20.314361,-50.384667,018IBISJD,Fish_MAtlantica_SP,170,97.7,0,0,0,60,17,0,0,0,0,0,0,0,0,0,0,0,0,0,0,0,0,1,1,0,0,0,2,0,0,0,1,0,0,0,0,0,0,0,0,0,31,0,0,0,0,0,1,0,0,31,0,0,0,0,0,0,0,0,0,0,0,0,0
P1204,-20.376389,-50.450917,019IBISJD,Fish_MAtlantica_SP,170,100,0,0,46,1,0,0,0,0,0,0,0,0,0,0,0,0,0,0,0,0,0,2,0,0,0,0,0,0,0,0,0,0,0,0,0,0,0,0,0,0,0,0,0,0,0,0,0,0,0,0,0,0,0,0,0,0,0,0,0,0,0,0,0
P1205,-20.462889,-50.472389,020IBISJD,Fish_MAtlantica_SP,170,92.68,0,0,0,5,0,0,0,0,0,0,0,0,0,7,0,3,0,3,0,0,0,4,0,0,0,0,2,0,0,0,0,0,0,0,0,0,0,0,0,0,63,0,0,0,0,0,0,0,0,0,0,0,0,0,0,0,0,98,0,0,0,0,0
P1206,-20.528222,-50.320833,021IBISJD,Fish_MAtlantica_SP,170,90.08,0,0,8,12,23,0,0,0,0,0,0,0,5,5,2,1,0,0,0,0,0,0,0,0,0,0,0,7,0,0,20,0,0,0,0,0,0,0,0,0,9,0,0,0,0,0,0,0,0,26,0,0,0,3,0,0,0,0,0,0,0,0,8
P1207,-20.602472,-50.422222,022IBISJD,Fish_MAtlantica_SP,170,93.38,0,0,42,16,0,0,0,0,0,0,0,0,0,0,0,0,0,6,0,0,0,0,0,0,0,0,1,8,0,0,0,0,0,0,0,0,0,0,0,0,28,0,0,0,0,0,0,0,0,42,0,0,0,0,0,0,0,0,0,0,0,0,0
P1208,-20.628639,-50.371611,023IBISJD,Fish_MAtlantica_SP,170,88.03,0,0,35,92,1,0,0,0,0,0,0,0,0,3,0,0,0,0,0,0,0,94,0,0,0,0,1,10,0,0,0,0,0,0,0,0,0,0,0,0,0,0,0,0,0,0,0,0,0,16,0,0,0,1,0,17,0,0,0,0,0,1,0
P1209,-20.60575,-50.568056,024IBISJD,Fish_MAtlantica_SP,170,91.45,0,0,18,81,0,0,0,0,0,0,0,0,0,5,15,11,0,2,0,0,0,13,0,14,0,0,9,7,0,0,0,2,103,0,0,0,0,0,0,0,25,0,0,0,0,0,0,0,0,10,0,0,0,2,0,0,0,28,0,0,0,0,0
P1210,-20.597083,-50.758111,025IBISJD,Fish_MAtlantica_SP,170,94.79,0,0,11,11,0,0,0,0,0,0,0,0,0,0,0,1,0,0,0,0,0,0,0,0,0,0,0,3,0,0,0,3,33,0,0,0,0,0,0,1,0,0,0,0,0,0,0,0,0,0,0,0,0,2,0,0,0,0,0,0,0,0,0
P1211,-20.524667,-51.049,026IBISJD,Fish_MAtlantica_SP,170,100,0,0,0,9,0,0,0,0,0,0,0,5,0,12,0,5,0,0,0,0,0,0,0,0,0,0,2,0,0,0,0,0,241,0,0,0,0,0,0,0,9,0,0,0,0,0,0,0,0,0,0,0,6,0,0,0,0,49,0,0,0,0,0
P1212,-20.382944,-50.585722,027IBISJD,Fish_MAtlantica_SP,170,89.41,0,0,0,18,24,0,0,0,0,0,0,0,7,0,0,0,0,0,0,0,0,2,0,0,0,0,1,4,0,0,2,8,29,0,0,0,0,0,0,0,0,1,0,3,0,0,7,1,0,1,0,0,0,3,0,0,0,0,0,0,0,0,0
P1213,-20.424528,-50.602917,028IBISJD,Fish_MAtlantica_SP,170,93.92,0,0,10,30,0,0,0,0,0,0,0,0,0,14,0,1,0,0,0,0,0,0,0,0,0,0,0,0,0,0,0,0,0,0,0,0,0,0,0,0,13,1,0,0,0,0,0,0,0,0,0,0,0,0,0,0,0,0,0,0,0,0,0
P1214,-20.463472,-50.585028,029IBISJD,Fish_MAtlantica_SP,170,97.59,0,0,36,0,0,0,0,0,0,0,0,0,0,0,0,0,0,0,0,0,0,0,0,0,0,0,0,1,0,0,0,0,0,0,0,0,0,0,0,0,2,0,0,0,0,0,0,0,0,0,0,0,0,3,0,0,0,0,0,0,0,0,0
P1215,-20.308139,-50.641278,030IBISJD,Fish_MAtlantica_SP,170,100,0,0,8,1,0,0,0,0,1,0,0,0,0,1,0,0,0,0,0,0,0,7,0,0,0,0,0,0,0,0,0,0,0,0,0,0,0,0,0,0,0,0,0,0,0,0,0,0,0,0,0,0,0,0,4,0,0,0,0,0,0,1,0
P1216,-20.347583,-50.6785,031IBISJD,Fish_MAtlantica_SP,170,93.85,0,0,5,31,2,0,0,0,0,0,0,0,0,9,0,8,0,4,0,0,0,0,0,122,0,0,3,1,0,0,0,0,29,0,0,0,0,0,0,0,25,0,0,0,0,0,0,0,0,8,0,0,0,1,1,0,0,95,0,0,0,0,0
P1217,-20.386472,-50.78175,032IBISJD,Fish_MAtlantica_SP,170,100,0,0,208,12,0,0,0,0,4,0,0,0,0,3,0,0,0,0,0,0,0,1,0,0,0,0,2,0,0,0,0,0,225,31,0,0,0,0,0,0,2,0,0,0,0,0,0,0,0,819,0,0,0,0,0,0,0,6,0,0,0,0,0
P1218,-20.431583,-50.813972,033IBISJD,Fish_MAtlantica_SP,170,89.44,0,0,4,14,0,0,0,0,0,0,0,0,0,3,0,0,0,0,0,0,0,0,0,0,0,0,0,0,0,0,0,0,2,0,0,0,0,0,0,0,8,0,0,0,0,0,0,0,0,97,0,0,0,0,1,0,0,0,0,0,0,0,0
P1219,-20.518917,-50.926972,034IBISJD,Fish_MAtlantica_SP,170,94.63,0,3,6,939,18,0,0,13,0,0,0,0,98,0,0,2,0,0,0,0,0,2,0,0,0,0,0,23,0,0,0,53,188,1,7,0,0,0,1,1,0,0,36,88,0,0,0,0,0,1,0,6,0,1,0,0,0,8,0,0,0,0,0
P1220,-20.151639,-50.912917,035IBISJD,Fish_MAtlantica_SP,170,69.5,0,0,44,50,0,0,0,0,0,0,0,0,0,7,0,0,0,3,0,0,0,13,0,0,0,0,1,0,0,0,0,0,24,0,0,0,0,0,0,0,16,0,0,0,0,0,0,0,0,0,0,0,0,0,1,0,0,5,0,0,0,0,0
P1221,-20.288806,-49.925417,036TUG,Fish_MAtlantica_SP,170,89.04,0,0,4,14,0,0,0,0,0,0,0,0,0,1,0,0,0,0,0,0,0,7,0,0,0,0,2,0,0,0,0,0,0,0,0,0,0,0,0,0,3,0,0,0,0,0,0,0,0,0,0,0,3,1,0,0,0,3,0,0,0,0,0
P1222,-20.204444,-49.96025,037TUG,Fish_MAtlantica_SP,170,100,0,0,25,1,0,0,0,0,0,0,0,0,0,4,0,11,0,0,0,0,0,3,0,0,0,0,1,0,0,0,0,0,0,0,0,0,0,0,0,0,4,0,0,0,0,0,0,0,0,52,0,0,28,0,0,0,0,0,0,0,0,0,0
P1223,-20.371972,-50.050361,038TUG,Fish_MAtlantica_SP,170,84.65,0,0,9,5,12,0,0,0,0,0,0,0,0,1,0,0,0,1,0,0,9,1,0,0,0,0,0,0,0,0,3,1,0,0,0,0,0,0,0,0,8,0,0,0,0,0,5,0,0,4,0,0,0,1,0,0,0,1,0,0,0,0,0
P1224,-20.261333,-50.147611,039TUG,Fish_MAtlantica_SP,170,84.89,0,0,0,0,1,0,0,0,0,0,0,0,0,0,0,0,0,0,0,0,0,0,0,0,0,0,0,0,0,0,0,0,0,0,0,0,0,0,0,0,0,0,0,0,0,0,0,0,0,0,0,0,0,0,0,0,0,0,0,0,0,0,0
P1225,-20.135806,-50.186306,040TUG,Fish_MAtlantica_SP,170,99.12,0,0,0,0,0,0,0,0,3,0,0,0,0,0,0,0,0,0,0,0,0,0,0,0,0,0,0,0,0,0,0,0,0,0,0,0,0,0,0,0,0,0,0,0,0,0,0,0,0,433,0,0,0,1,0,0,0,0,0,0,0,0,0
P1226,-20.087833,-50.206944,041TUG,Fish_MAtlantica_SP,170,82.14,0,0,5,67,6,0,0,0,0,0,0,0,0,0,1,0,0,0,0,0,0,0,0,0,0,0,0,5,0,0,0,0,0,0,0,0,0,0,0,1,1,0,0,0,0,0,29,0,0,5,0,0,0,3,0,0,0,14,0,0,0,0,0
P1227,-20.013806,-50.04,042TUG,Fish_MAtlantica_SP,170,53.26,0,1,8,19,2,0,0,0,0,0,0,0,1,0,0,1,0,0,0,0,0,2,0,0,0,0,0,6,0,0,0,0,1,0,0,0,0,0,0,0,0,0,0,1,0,0,0,0,0,1,0,0,0,0,0,0,0,0,0,0,0,0,0
P1228,-19.97275,-50.447278,043TUG,Fish_MAtlantica_SP,170,88.95,0,0,1,5,0,0,0,0,0,0,0,0,0,0,0,0,0,0,0,0,0,0,0,0,0,0,2,0,0,0,0,0,53,0,0,0,0,0,0,0,0,0,0,0,0,0,0,0,0,0,0,0,46,0,0,0,0,0,0,0,0,0,0
P1229,-20.243611,-50.484861,044TUG,Fish_MAtlantica_SP,170,90.32,0,0,2,13,0,0,0,0,0,0,0,0,0,0,0,0,0,0,0,0,0,2,0,0,0,0,1,0,0,3,0,1,64,0,0,0,0,0,0,0,2,0,0,0,0,0,0,0,0,2,0,0,0,0,0,0,0,0,0,0,0,0,0
P1230,-20.155,-50.437556,045TUG,Fish_MAtlantica_SP,170,59.61,0,0,0,25,0,0,0,0,0,0,0,0,1,0,0,0,0,0,0,0,0,4,0,0,0,0,3,7,0,0,0,0,349,2,0,0,0,0,0,0,0,0,0,0,0,0,0,0,0,48,0,0,0,0,0,4,0,1,0,0,0,0,0
P1231,-20.168472,-50.492833,046TUG,Fish_MAtlantica_SP,170,69.28,0,0,9,16,0,0,0,0,0,0,0,0,0,1,0,0,0,8,0,0,0,3,0,0,0,0,2,0,0,0,0,0,18,84,0,0,0,0,0,0,6,0,0,0,0,0,0,0,0,299,0,0,0,0,0,0,0,86,0,0,0,0,0
P1232,-20.128806,-50.491361,047TUG,Fish_MAtlantica_SP,170,95.04,0,0,14,8,3,0,0,0,0,0,0,0,0,0,0,0,0,0,0,0,0,0,0,0,0,0,0,2,0,0,6,0,35,0,0,0,0,0,0,0,1,0,0,0,0,0,0,0,0,5,0,0,0,1,0,0,0,5,0,0,0,0,0
P1233,-20.142444,-50.379861,048TUG,Fish_MAtlantica_SP,170,90.79,0,0,0,46,0,0,0,0,0,0,0,0,0,0,0,2,0,0,0,0,0,3,0,0,0,2,1,0,0,1,0,0,74,2,0,0,0,0,0,0,1,0,0,0,0,0,0,0,0,2,0,0,0,0,4,3,0,12,0,0,0,0,0
P1234,-20.222111,-50.687722,049TUG,Fish_MAtlantica_SP,170,85.01,0,0,1,1,0,0,0,0,0,0,0,0,0,0,0,0,0,0,0,0,0,0,0,0,0,0,0,0,0,0,0,0,0,1,0,0,0,0,0,0,0,0,0,0,0,0,0,0,0,23,0,0,0,1,0,0,0,0,0,0,0,0,0
P1235,-20.196778,-50.638583,050TUG,Fish_MAtlantica_SP,170,99.08,0,0,1,0,0,0,0,0,0,0,0,0,0,0,0,1,0,0,0,0,0,0,0,0,0,0,0,0,0,0,0,0,71,12,0,0,0,0,0,0,0,1,0,0,0,0,0,0,0,103,0,0,0,1,0,0,0,0,0,0,0,0,0
P1236,-20.144167,-50.732611,051TUG,Fish_MAtlantica_SP,170,72.31,0,0,0,8,0,0,0,0,0,0,0,0,0,1,3,0,0,0,0,0,0,0,1,0,0,0,0,0,0,0,0,0,0,1,0,0,0,0,0,0,1,0,0,0,0,0,0,0,0,0,0,0,0,0,0,0,0,5,0,0,0,0,0
P1237,-20.056944,-50.688917,052TUG,Fish_MAtlantica_SP,170,88.95,0,0,14,18,0,0,0,0,0,0,0,0,0,0,0,0,0,0,0,0,0,0,0,1,0,0,0,0,0,0,0,0,49,29,0,0,0,0,0,0,3,0,0,0,0,0,0,0,0,0,0,0,0,0,0,0,0,19,0,0,0,0,0
P1238,-19.991417,-50.622083,053TUG,Fish_MAtlantica_SP,170,100,0,0,3,79,0,0,0,0,0,0,0,0,0,0,0,0,0,0,0,0,0,6,0,0,0,0,2,0,0,0,0,0,0,0,0,0,0,0,0,0,0,0,0,0,0,0,0,0,0,0,0,0,0,0,0,0,0,5,0,0,0,0,0
P1239,-20.143028,-50.775917,054TUG,Fish_MAtlantica_SP,170,97.51,0,0,0,1,0,0,0,0,0,0,0,0,1,4,1,8,0,0,0,0,0,9,0,0,0,0,0,6,0,0,0,1,6,10,0,0,0,0,0,5,3,0,0,0,0,0,0,0,0,0,0,0,4,1,0,0,0,1,0,0,0,0,0
P1240,-20.133389,-50.815778,055TUG,Fish_MAtlantica_SP,170,100,0,0,0,8,0,0,0,0,0,0,0,0,0,6,0,0,0,1,0,0,0,0,0,0,0,0,1,0,0,0,0,0,81,19,0,0,0,0,0,0,1,0,0,0,0,0,0,0,0,0,0,0,0,0,0,0,0,1,0,0,0,0,0
P1241,-20.079306,-50.941194,056TUG,Fish_MAtlantica_SP,170,99.43,0,0,29,12,0,0,0,0,0,0,0,0,0,0,34,0,0,0,0,0,18,20,0,0,0,0,1,20,0,0,0,0,35,0,0,0,0,0,0,0,0,0,0,0,0,0,0,0,0,69,0,0,0,39,0,0,0,0,0,0,0,0,0
P1242,-20.103306,-49.923278,057TUG,Fish_MAtlantica_SP,170,94.89,0,0,1,0,6,0,0,0,0,0,0,0,0,0,0,0,0,0,0,0,1,0,0,0,0,0,0,1,0,0,0,19,0,0,0,0,0,0,0,0,3,0,0,0,0,0,3,0,0,5,0,0,0,1,0,0,0,0,0,0,1,0,0
P1243,-20.190917,-49.86775,058TUG,Fish_MAtlantica_SP,170,92.96,0,0,0,3,0,0,0,0,0,0,0,0,0,0,0,0,0,0,3,0,0,6,0,0,0,0,1,3,0,0,0,2,0,0,0,0,0,0,0,0,0,0,0,0,0,0,3,1,4,1,0,0,0,2,0,0,0,8,0,0,0,0,0
P1244,-20.109972,-49.823472,059TUG,Fish_MAtlantica_SP,170,92.79,0,2,3,420,1,0,0,0,0,0,0,0,1,1,0,0,0,0,0,0,0,4,0,0,0,0,1,3,0,0,6,4,0,3,4,0,0,0,7,8,0,0,0,2,0,0,0,0,0,0,0,0,0,1,0,16,0,0,1,0,1,0,0
P1245,-20.297389,-49.816194,060TUG,Fish_MAtlantica_SP,170,90.17,0,0,0,15,0,0,0,0,0,0,0,0,0,1,0,0,0,0,0,0,0,1,0,0,0,0,1,1,0,0,0,0,0,0,0,0,0,0,0,0,0,0,0,0,0,0,0,0,0,12,0,0,0,0,0,0,0,1,0,0,0,0,0
P1246,-20.36925,-49.832861,061TUG,Fish_MAtlantica_SP,170,71.74,0,0,9,39,62,0,0,0,0,0,0,2,0,1,0,0,3,0,0,0,0,2,0,0,10,0,1,4,0,0,0,12,0,0,0,0,0,0,0,0,1,1,0,0,0,0,45,0,0,74,0,0,0,4,0,0,0,37,0,0,0,0,0
P1247,-20.426222,-49.813778,062TUG,Fish_MAtlantica_SP,170,85.45,0,0,1,4,0,0,0,0,0,3,1,0,10,0,3,3,0,0,0,0,0,16,0,0,0,0,0,1,0,0,0,18,0,0,0,0,0,0,0,1,0,0,0,4,0,1,2,0,2,1,0,0,0,4,0,0,0,1,0,0,0,0,0
P1248,-20.190278,-49.309667,063TUG,Fish_MAtlantica_SP,170,88.95,0,0,1,0,0,14,0,0,0,0,0,0,0,0,0,0,0,0,0,0,0,2,0,0,0,0,0,39,0,0,0,0,0,0,0,0,0,0,0,0,0,0,0,0,0,0,0,0,0,0,0,0,0,11,0,0,0,0,0,0,0,0,0
P1249,-20.195806,-49.416111,064TUG,Fish_MAtlantica_SP,170,90.75,0,0,8,77,0,0,0,0,0,0,0,0,0,0,0,0,0,0,0,0,0,0,0,0,0,0,0,0,0,0,0,0,0,0,0,0,0,0,0,0,0,0,0,0,0,0,0,0,0,0,0,0,0,0,0,0,0,0,0,0,0,0,0
P1250,-20.094889,-49.672861,065TUG,Fish_MAtlantica_SP,170,100,0,0,35,47,0,0,0,0,0,0,0,0,36,14,0,0,0,0,0,0,0,1,0,0,0,0,2,8,0,0,2,0,0,0,0,0,0,0,0,0,2,1,0,0,0,0,41,0,0,0,0,0,0,0,0,0,0,0,0,0,0,0,0
P1251,-20.151861,-49.556694,066TUG,Fish_MAtlantica_SP,170,100,0,0,7,38,57,0,0,0,0,3,0,0,6,1,0,1,0,0,2,0,0,0,0,0,1,0,1,10,0,0,0,0,0,0,0,0,0,0,0,0,0,0,0,4,0,0,5,0,0,0,0,0,0,1,0,0,0,4,0,0,0,0,0
P1252,-20.207194,-49.546917,067TUG,Fish_MAtlantica_SP,170,100,0,0,1,16,1,0,0,0,0,0,0,0,0,1,0,0,0,0,0,0,0,1,0,0,0,0,1,3,0,0,12,5,0,0,1,1,0,0,0,0,0,0,0,1,0,0,0,4,0,0,0,0,0,5,0,0,0,0,0,0,0,0,0
P1253,-20.402361,-49.6855,068TUG,Fish_MAtlantica_SP,170,91.05,1,0,5,17,0,0,0,0,0,0,0,0,23,2,0,5,1,0,1,0,3,19,0,25,0,0,1,15,0,0,6,0,0,0,0,0,0,0,0,0,1,0,0,22,0,0,19,0,0,0,0,0,0,1,0,0,32,21,0,0,16,0,0
P1254,-20.491639,-49.328139,069TUG,Fish_MAtlantica_SP,170,100,0,0,3,0,0,64,0,0,0,0,0,0,0,0,0,0,0,0,0,0,0,0,0,0,0,0,0,1,0,0,0,0,0,0,0,0,0,0,0,0,0,0,0,0,0,0,0,0,0,0,0,0,0,0,0,0,0,0,0,0,0,0,0
P1255,-20.423389,-49.616056,070TUG,Fish_MAtlantica_SP,170,98.02,0,0,7,24,17,0,0,0,0,0,0,0,13,0,0,1,0,0,0,0,0,1,0,0,0,0,1,32,0,0,0,0,0,0,0,0,0,0,0,0,0,0,0,6,0,0,25,0,0,0,0,0,0,4,0,0,0,0,0,0,0,0,0
P1256,-20.286861,-49.531667,071TUG,Fish_MAtlantica_SP,170,100,0,0,8,0,0,0,0,0,0,0,0,0,0,0,0,0,0,0,0,0,0,0,0,0,0,0,0,0,0,0,0,0,0,0,0,0,0,0,0,0,0,0,0,0,0,0,0,0,0,0,0,0,0,0,0,0,0,0,0,0,0,0,0
P1257,-20.325389,-49.399944,072TUG,Fish_MAtlantica_SP,170,94.16,0,0,11,5,0,9,0,0,0,0,0,0,1,0,0,0,0,0,0,0,0,0,0,0,0,0,0,2,0,0,0,0,0,0,0,0,0,0,0,0,0,0,0,0,0,0,0,0,0,27,0,0,0,2,0,0,0,0,0,0,0,0,0
P1258,-20.384667,-49.400444,073TUG,Fish_MAtlantica_SP,170,91.57,0,0,4,38,0,0,0,0,0,0,0,0,5,0,0,6,0,0,0,1,0,19,0,0,3,0,1,4,0,0,0,0,0,0,0,0,0,0,0,0,0,0,0,5,0,0,7,2,0,0,5,0,0,0,0,0,0,1,0,0,0,0,0
P1259,-20.652306,-49.556139,074TUG,Fish_MAtlantica_SP,170,78.86,0,0,32,2,0,0,0,0,0,0,0,0,0,0,0,0,0,0,0,0,0,1,0,0,0,0,0,3,0,0,0,0,0,0,0,0,0,0,0,0,0,0,0,0,0,0,0,0,0,258,0,0,0,1,0,0,0,0,0,0,0,0,0
P1260,-20.631528,-49.686167,075TUG,Fish_MAtlantica_SP,170,84.68,0,0,21,47,3,0,0,0,0,0,0,0,0,0,7,12,0,0,0,0,0,6,0,0,0,0,0,0,0,0,0,0,0,0,0,0,0,0,0,0,3,0,0,0,0,0,1,0,0,0,0,0,0,0,0,7,0,30,0,0,0,0,0
P1261,-20.702028,-49.406083,076TUG,Fish_MAtlantica_SP,170,94.03,0,0,3,0,0,0,0,0,0,0,0,0,0,0,0,0,0,0,0,0,0,0,0,0,0,0,1,0,0,0,0,0,0,0,0,0,0,0,0,0,0,0,0,0,0,0,0,0,0,0,0,0,8,0,0,0,0,0,0,0,0,0,0
P1262,-20.584917,-49.450139,077TUG,Fish_MAtlantica_SP,170,98.15,0,0,1,3,0,0,0,0,0,0,0,7,0,3,0,2,0,1,0,1,0,11,0,0,0,0,0,1,0,0,0,0,0,0,0,0,0,0,0,0,4,0,0,0,0,0,0,0,0,0,0,0,18,0,0,0,0,31,0,0,0,0,0
P1263,-20.689944,-49.451139,078TUG,Fish_MAtlantica_SP,170,77.89,0,0,0,0,18,0,0,0,0,0,1,0,6,0,0,0,0,0,0,0,0,0,0,0,1,0,0,0,0,0,5,0,0,0,0,0,0,0,0,0,1,0,0,0,0,0,25,0,0,17,0,0,0,0,0,0,0,0,0,0,0,0,0
P1264,-20.720167,-49.223333,079TUG,Fish_MAtlantica_SP,170,86.88,0,0,19,6,0,0,0,0,0,0,0,0,0,5,0,1,0,0,0,0,0,5,0,0,0,0,0,5,0,0,0,0,0,3,0,0,0,0,0,0,0,0,0,0,0,0,0,0,0,0,0,0,0,1,0,0,0,1,0,0,0,0,0
P1265,-20.694639,-49.08175,080TUG,Fish_MAtlantica_SP,170,79.95,0,0,90,0,0,0,0,0,0,0,0,0,0,1,20,0,0,0,0,0,12,31,0,0,0,0,4,14,0,0,0,0,0,0,0,0,0,0,0,0,0,0,0,0,0,0,0,0,0,8,0,0,0,3,0,0,0,4,0,0,0,2,0
P1266,-20.676944,-49.038194,081TUG,Fish_MAtlantica_SP,170,82.4,0,0,0,0,0,0,0,0,0,0,0,0,0,0,0,0,0,0,0,0,0,0,0,0,0,0,0,1,0,0,0,0,0,0,0,0,0,0,0,0,0,0,0,0,0,0,11,0,0,0,0,0,0,2,0,0,0,0,0,0,0,0,0
P1267,-20.905444,-49.34175,082TUG,Fish_MAtlantica_SP,170,86.44,0,0,33,13,0,0,0,0,0,0,0,0,0,0,0,0,0,0,0,0,0,9,0,0,8,0,0,31,0,0,0,0,0,0,0,0,0,0,0,0,3,0,0,0,0,0,35,0,0,77,0,0,0,2,0,0,0,0,0,0,0,0,0
P1268,-20.812111,-49.465083,083TUG,Fish_MAtlantica_SP,170,98.04,0,0,69,69,0,0,0,0,0,0,0,0,0,0,69,0,0,0,0,0,26,6,0,0,5,0,1,28,0,0,2,1,0,0,0,0,0,0,0,0,3,0,0,0,2,0,33,0,0,27,0,0,0,9,0,0,0,0,0,0,0,0,0
P1269,-20.785,-49.457778,084TUG,Fish_MAtlantica_SP,170,91.16,0,0,3,2,0,0,0,0,0,0,0,0,0,0,0,0,0,0,0,0,4,0,0,0,11,0,0,17,0,0,15,0,0,0,0,0,0,0,0,0,3,0,0,0,11,0,19,0,0,0,0,0,0,4,0,0,0,1,0,0,0,0,0
P1270,-20.986444,-49.190917,085TUG,Fish_MAtlantica_SP,170,99.36,0,0,9,15,5,8,0,0,0,0,0,0,0,0,2,0,0,8,0,0,20,2,0,0,0,0,1,0,0,0,0,0,0,0,0,0,0,0,0,0,1,0,0,3,0,0,0,0,0,81,0,0,0,0,0,0,0,0,0,0,0,0,0
P1271,-20.852556,-49.2345,086TUG,Fish_MAtlantica_SP,170,99.44,0,0,19,7,0,0,0,0,1,0,0,0,0,0,0,8,0,0,0,0,12,17,0,0,0,0,1,1,0,0,0,0,0,0,0,0,0,0,0,0,3,0,0,0,0,0,22,0,0,28,0,0,0,0,0,0,0,11,0,0,0,0,0
P1272,-20.703639,-48.942222,087TUG,Fish_MAtlantica_SP,170,100,0,0,0,13,0,0,0,0,0,0,0,0,0,0,2,1,0,0,0,0,0,4,0,0,0,0,1,0,0,0,0,0,0,0,0,0,0,0,0,0,0,0,0,0,0,0,0,0,0,0,0,0,0,0,0,0,0,0,0,0,0,0,0
P1273,-20.939167,-48.830167,088TUG,Fish_MAtlantica_SP,170,100,0,0,23,62,16,0,0,0,0,0,0,0,1,0,7,0,0,0,0,0,9,5,0,0,0,0,0,6,0,0,0,0,0,0,0,0,0,0,0,0,1,0,0,13,21,0,0,0,0,0,0,0,0,4,0,0,0,4,0,0,0,0,0
P1274,-20.772556,-48.808611,089TUG,Fish_MAtlantica_SP,170,91.78,0,0,4,1,2,0,0,0,0,0,0,0,4,0,9,0,0,0,0,0,18,4,0,0,0,0,0,6,0,0,0,0,0,0,0,0,0,2,0,0,0,1,0,0,0,0,0,0,0,350,0,0,0,8,0,0,0,0,0,0,0,2,0
P1275,-20.938167,-48.677583,090TUG,Fish_MAtlantica_SP,170,94.57,0,0,14,7,0,0,0,0,7,0,0,0,0,1,2,0,0,0,0,0,1,5,0,0,0,0,2,1,0,0,0,0,0,0,0,0,0,0,0,1,2,0,0,0,0,0,0,0,0,0,0,0,0,0,0,0,0,0,0,0,0,0,0
P1276,-21.051944,-48.800278,091TUG,Fish_MAtlantica_SP,170,83.32,0,0,11,7,8,0,0,0,0,0,0,0,0,0,3,0,0,4,0,0,0,0,0,0,0,0,0,0,0,0,0,0,0,0,0,0,0,0,0,0,0,0,0,0,13,0,0,0,0,62,0,0,0,2,0,0,0,0,0,0,0,0,0
P1277,-21.212083,-48.951583,092TUG,Fish_MAtlantica_SP,170,97.15,0,0,17,2,0,0,0,0,1,0,0,0,0,0,5,0,0,1,0,0,31,5,0,0,1,0,1,5,1,0,0,0,0,0,0,0,0,0,0,0,12,0,0,0,26,0,34,0,0,1,0,0,0,2,0,0,0,0,0,0,0,0,0
P1278,-21.214583,-48.742806,093TUG,Fish_MAtlantica_SP,170,65.37,0,0,2,1,0,0,0,0,0,0,0,0,0,0,0,0,0,0,0,0,0,0,0,0,0,0,0,0,0,0,0,3,0,0,0,0,0,0,0,0,0,0,0,1,0,0,0,0,0,0,0,0,0,1,0,0,0,0,0,0,0,0,0
P1279,-21.118056,-48.504444,094TUG,Fish_MAtlantica_SP,170,81.64,0,0,9,21,5,0,0,0,0,0,0,0,0,0,9,0,0,0,0,0,49,5,0,0,0,0,0,1,0,0,0,0,0,0,0,0,0,0,0,0,3,0,0,0,0,0,6,0,0,41,0,0,0,0,0,0,0,0,0,0,0,0,0
P1280,-21.166556,-48.604111,095TUG,Fish_MAtlantica_SP,170,93.9,0,0,7,87,3,0,0,0,2,0,0,0,0,0,11,0,0,0,0,0,5,13,0,0,0,0,1,3,0,0,0,0,0,0,0,0,0,0,0,0,1,0,0,0,0,0,0,0,0,377,0,0,0,7,0,0,0,1,0,0,4,0,0
